Ground_Truth,LSTM_Prediction,GRU_Prediction,Timestep
0.0,0.082930945,0.4082992,0
0.0,0.12387956,0.2476386,1
0.0,0.135813,0.2896088,2
0.0,0.45673275,0.3494097,3
0.0,0.10118936,0.19087508,4
0.0,0.12720792,0.27589747,5
0.0,0.27622893,0.29919696,6
0.0,0.039056793,0.3344307,7
0.0,0.12240432,0.33014837,8
0.0,0.17654483,0.273809,9
0.2147766323024055,0.16602159,0.7768225,10
5.512600229095074,7.140296,4.499239,11
34.93699885452463,22.069983,20.701656,12
60.38802978235969,35.43969,33.875546,13
67.4040664375716,41.62347,41.777092,14
67.43986254295532,42.865807,42.37319,15
67.47565864833906,43.00138,43.10359,16
67.43986254295532,43.02609,43.42386,17
64.28980526918672,39.106323,39.74466,18
40.05584192439863,31.453995,30.111465,19
25.05727376861397,20.926289,20.882864,20
12.600229095074456,10.72773,9.256907,21
3.293241695303552,1.7247223,2.0888677,22
0.0357961053837342,0.15376894,0.33412457,23
0.0,0.082930945,0.6199024,24
0.0,0.1238795,0.4796105,25
0.0,0.135813,0.5537596,26
0.0,0.45673275,0.60507303,27
0.0,0.10118936,0.2923671,28
0.0,0.12720792,0.57209444,29
0.0,0.27622893,0.63007003,30
0.0,0.039056756,0.62083286,31
0.0,0.12240427,0.5682859,32
0.0,0.17654477,0.47266483,33
1.6108247422680415,0.16602151,1.4302597,34
4.832474226804124,7.140296,6.7771616,35
6.622279495990837,22.069983,24.244192,36
12.349656357388316,35.43969,37.07206,37
10.4524627720504,41.62347,45.012733,38
9.808132875143183,42.865807,44.29484,39
10.774627720504007,43.00138,44.98684,40
10.846219931271476,43.02609,45.50721,41
18.93613974799542,39.106323,43.629215,42
16.60939289805269,31.453995,34.22678,43
12.38545246277205,20.926289,24.561893,44
4.975658648339061,10.72773,12.364474,45
1.5392325315005728,1.7247223,3.0682774,46
0.5011454753722795,0.15376894,0.5947259,47
0.0,0.08293091,0.72136694,48
0.0,0.1238795,0.58699083,49
0.0,0.135813,0.6723015,50
0.0,0.45673275,0.7093543,51
0.0,0.10118936,0.33547682,52
0.0,0.12720792,0.702736,53
0.0,0.27622893,0.77686405,54
0.0,0.039056756,0.74152356,55
0.0,0.12240427,0.67766666,56
0.0,0.17654477,0.56480086,57
0.0,0.16602151,1.6799818,58
0.6801260022909508,7.140296,7.5319133,59
6.980240549828179,22.069983,25.188679,60
16.60939289805269,35.43969,37.937824,61
33.50515463917526,41.62347,45.80559,62
40.77176403207331,42.865807,44.823822,63
25.66580756013746,43.00138,45.40839,64
23.80441008018328,43.02609,45.895638,65
21.22709049255441,39.106323,44.53054,66
15.893470790378007,31.45399,35.24025,67
9.736540664375717,20.926289,25.546179,68
5.47680412371134,10.72773,13.214336,69
0.143184421534937,1.7247223,3.447542,70
0.0,0.15376888,0.712555,71
0.0,0.082930945,1.7857418,72
0.0,0.1238795,1.8957171,73
0.0,0.135813,1.9655656,74
0.0,0.45673275,2.0792239,75
0.0,0.10118936,0.839487,76
0.0,0.12720792,2.3896825,77
0.0,0.27622893,2.5446358,78
0.0,0.039056756,2.386991,79
0.0,0.12240427,1.928663,80
0.0,0.17654477,1.5959084,81
2.684707903780069,0.16602151,4.534559,82
7.9467353951890045,7.140296,14.02493,83
10.882016036655212,22.069983,32.594578,84
9.629152348224514,35.43969,42.927425,85
9.521764032073312,41.62347,50.432377,86
8.805841924398626,42.865807,46.82806,87
35.50973654066438,43.00138,46.475193,88
42.6331615120275,43.02609,49.07223,89
59.17096219931272,39.106323,49.87285,90
37.65750286368843,31.453995,40.86216,91
44.99570446735395,20.926289,32.821915,92
23.768613974799543,10.72773,20.70971,93
7.982531500572739,1.7247223,6.2452197,94
3.006872852233677,0.15376894,2.233286,95
0.2505727376861397,0.082930945,1.558457,96
0.0,0.1238795,1.6498262,97
0.0,0.135813,1.7222364,98
0.0,0.45673275,1.8089119,99
0.0,0.10118936,0.73132014,100
0.0,0.12720792,2.0956845,101
0.0,0.27622893,2.2547438,102
0.0,0.039056756,2.0936718,103
0.0,0.12240427,1.6694611,104
0.9306987399770904,0.17654477,1.3793392,105
5.512600229095074,0.16602151,4.053849,106
20.153207331042385,7.140296,13.201759,107
40.30641466208477,22.069983,31.94781,108
55.05441008018328,35.43969,42.47194,109
65.39948453608247,41.62347,50.250275,110
67.54725085910653,42.865807,46.72781,111
67.5114547537228,43.00138,46.44547,112
67.26088201603666,43.02609,48.998714,113
67.11769759450172,39.106323,49.543148,114
61.927262313860254,31.453995,40.531464,115
45.03150057273768,20.926289,32.168015,116
29.03064146620848,10.72773,19.941298,117
13.781500572737688,1.7247223,5.739099,118
3.293241695303552,0.15376894,1.9246806,119
0.2147766323024055,0.082930945,0.770524,120
0.0,0.1238795,0.6752024,121
0.0,0.135813,0.7625832,122
0.0,0.45673275,0.8137661,123
0.0,0.10118936,0.35348985,124
0.0,0.12720792,0.8195197,125
0.0,0.27622893,0.8999762,126
0.0,0.039056756,0.86715084,127
0.0,0.12240427,0.75168896,128
0.2147766323024055,0.17654477,0.6187361,129
4.79667812142039,0.16602151,1.9346081,130
3.651202749140894,7.140296,8.217925,131
2.2551546391752577,22.069983,26.45058,132
24.34135166093929,35.43969,38.73671,133
54.94702176403208,41.62347,46.85829,134
44.74513172966781,42.865807,45.2929,135
40.62857961053837,43.00138,45.467953,136
24.80670103092784,43.02609,46.800594,137
49.5418098510882,39.106323,45.65993,138
46.39175257731959,31.453995,36.207085,139
42.17432052483599,20.926289,26.820728,140
37.9568884723524,10.72773,14.308858,141
33.739456419868795,1.7247223,3.6014307,142
29.5220243673852,0.15376894,0.81222457,143
0.0,0.082930945,0.09635281,144
0.0,0.1238795,0.023894258,145
0.0,0.135813,0.027936965,146
0.0,0.45673275,0.05015102,147
0.0,0.10118936,0.035338856,148
0.0,0.12720792,0.018849114,149
0.0,0.27622893,0.019547945,150
0.0,0.039056756,0.035811473,151
0.0,0.12240427,0.046779826,152
0.0,0.17654477,0.038925674,153
0.0,0.16602151,0.08807119,154
0.0357961053837342,7.140296,0.9769256,155
2.577319587628866,22.069983,11.69569,156
12.636025200458189,35.43969,23.387918,157
34.25687285223368,41.62347,31.494984,158
23.16008018327606,42.865807,36.015556,159
22.587342497136312,43.00138,34.852913,160
45.21048109965636,43.02609,37.040924,161
30.06872852233677,39.106323,28.034233,162
3.150057273768614,31.453995,17.222075,163
0.6085337915234823,20.926289,11.581076,164
0.0,10.72773,3.1944373,165
0.0,1.7247223,0.47265765,166
0.0,0.15376894,0.04295361,167
0.0,0.082930945,0.32571277,168
0.0,0.1238795,0.1760266,169
0.0,0.135813,0.20624688,170
0.0,0.45673275,0.2640279,171
0.0,0.10118936,0.15174673,172
0.0,0.12720792,0.19030935,173
0.0,0.27622893,0.20481241,174
0.0,0.039056756,0.24479134,175
0.0,0.12240427,0.24687156,176
0.0,0.17654477,0.20515575,177
0.0,0.16602151,0.57313526,178
8.268900343642612,7.140296,3.6636643,179
38.623997709049256,22.069983,19.183525,180
33.43356242840779,35.43969,32.307877,181
65.327892325315,41.62347,40.2731,182
67.2966781214204,42.865807,41.397007,183
67.618843069874,43.00138,42.10399,184
67.54725085910653,43.02609,42.539917,185
58.634020618556704,39.106323,37.962704,186
15.392325315005728,31.453995,28.179869,187
3.185853379152348,20.926289,19.287283,188
0.0357961053837342,10.72773,8.058062,189
0.0,1.7247223,1.6947296,190
0.0,0.15376894,0.2468003,191
0.0,0.082930945,0.121004365,192
0.0,0.1238795,0.0365152,193
0.0,0.135813,0.042221874,194
0.0,0.45673275,0.0703567,195
0.0,0.10118936,0.04867924,196
0.0,0.12720792,0.031670216,197
0.0,0.27622893,0.033545036,198
0.0,0.039056756,0.05484324,199
0.0,0.12240427,0.06444836,200
0.0,0.17654477,0.0547669,201
0.0,0.16602151,0.13372086,202
2.6489117983963344,7.140296,1.3326082,203
16.108247422680414,22.069983,13.179721,204
12.993986254295534,35.43969,25.186369,205
19.5446735395189,41.62347,33.501987,206
34.149484536082475,42.865807,37.030365,207
52.0475372279496,43.00138,36.58553,208
32.6102520045819,43.02609,38.506004,209
8.197308132875143,39.106323,30.25867,210
5.118843069873997,31.453995,19.5402,211
0.3221649484536082,20.926289,13.041947,212
0.0,10.72773,4.02591,213
0.0,1.7247223,0.617894,214
0.0,0.15376894,0.05995676,215
0.0,0.082930945,0.9080299,216
0.0,0.1238795,0.8328867,217
0.0,0.135813,0.9376432,218
0.0,0.45673275,0.95910496,219
0.0,0.10118936,0.4174611,220
0.0,0.12720792,1.0216637,221
0.0,0.27622893,1.1308289,222
0.0,0.039056756,1.0431582,223
0.0,0.12240427,0.9071367,224
0.0,0.17654477,0.7513714,225
3.185853379152348,0.16602151,2.288715,226
13.065578465063002,7.140296,9.189558,227
39.0893470790378,22.069983,27.399317,228
61.67668957617411,35.43969,39.62376,229
37.33533791523482,41.62347,47.571693,230
57.81071019473082,42.865807,45.774933,231
49.93556701030928,43.00138,46.02326,232
43.88602520045819,43.02609,47.09028,233
46.96449026345933,39.106323,46.486366,234
43.81443298969072,31.453995,37.3358,235
38.73138602520046,20.926289,27.800045,236
9.056414662084764,10.72773,15.325357,237
1.6466208476517756,1.7247223,4.1088953,238
0.6085337915234823,0.15376894,0.9801955,239
0.0,0.082930945,0.2565402,240
0.0,0.1238795,0.124077536,241
0.0,0.135813,0.14505106,242
0.0,0.45673275,0.19749065,243
0.0,0.10118936,0.119604915,244
0.0,0.12720792,0.1308177,245
0.0,0.27622893,0.14004302,246
0.0,0.039056756,0.17809072,247
0.0,0.12240427,0.18166916,248
0.0,0.17654477,0.15211181,249
0.2147766323024055,0.16602151,0.42269245,250
5.405211912943872,7.140296,2.9883928,251
17.826460481099655,22.069983,17.800014,252
21.37027491408935,35.43969,30.75715,253
32.932416953035506,41.62347,38.83175,254
45.425257731958766,42.865807,40.39944,255
32.68184421534937,43.00138,41.118397,256
27.84936998854525,43.02609,41.737072,257
46.57073310423826,39.106323,36.295956,258
53.6225658648339,31.453995,26.354408,259
44.85252004581902,20.926289,17.816349,260
16.036655211912944,10.72773,7.0415287,261
6.908648339060711,1.7247223,1.3634,262
0.286368843069874,0.15376894,0.17949186,263
0.0,0.082930945,0.2436188,264
0.0,0.1238795,0.11278029,265
0.0,0.135813,0.13190761,266
0.0,0.45673275,0.18233748,267
0.0,0.10118936,0.11197947,268
0.0,0.12720792,0.116576254,269
0.0,0.27622893,0.12461387,270
0.0,0.039056756,0.16235134,271
0.0,0.12240427,0.1685387,272
0.0,0.17654477,0.14090838,273
0.0,0.16602151,0.3835423,274
1.43184421534937,7.140296,2.788632,275
5.369415807560138,22.069983,17.338476,276
8.877434135166094,35.43969,30.268192,277
10.989404352806414,41.62347,38.338734,278
12.313860252004584,42.865807,40.11206,279
14.211053837342495,43.00138,40.71251,280
12.349656357388316,43.02609,41.410126,281
6.658075601374571,39.106323,35.69274,282
2.505727376861397,31.453995,25.705051,283
0.6801260022909508,20.926289,17.342863,284
0.0,10.72773,6.704586,285
0.0,1.7247223,1.2825402,286
0.0,0.15376894,0.16545792,287
0.0,0.082930945,0.7112014,288
0.0,0.1238795,0.5727107,289
0.0,0.135813,0.6584914,290
0.0,0.45673275,0.69531524,291
0.0,0.10118936,0.33267856,292
0.0,0.12720792,0.6855796,293
0.0,0.27622893,0.7589187,294
0.0,0.039056756,0.724943,295
0.0,0.12240427,0.6663664,296
0.0,0.17654477,0.5547157,297
1.968785796105384,0.16602151,1.6421614,298
6.22852233676976,7.140296,7.4218655,299
37.514318442153495,22.069983,25.006756,300
58.06128293241696,35.43969,37.81243,301
60.1016609392898,41.62347,45.644375,302
63.502290950744566,42.865807,44.733074,303
67.43986254295532,43.00138,45.37803,304
67.58304696449026,43.02609,45.784138,305
67.58304696449026,39.106323,44.337456,306
67.11769759450172,31.453995,35.103615,307
52.65607101947308,20.926289,25.357113,308
28.171534936998853,10.72773,13.077675,309
7.195017182130585,1.7247223,3.413916,310
0.715922107674685,0.15376894,0.697977,311
0.1073883161512027,0.082930945,1.3671643,312
0.0,0.1238795,1.425553,313
0.0,0.135813,1.5140793,314
0.0,0.45673275,1.5604643,315
0.0,0.10118936,0.62991154,316
0.0,0.12720792,1.7960893,317
0.0,0.27622893,1.9534385,318
0.0,0.039056756,1.7955184,319
0.0,0.12240427,1.451348,320
0.143184421534937,0.17654477,1.1971269,321
4.474513172966781,0.16602151,3.6061566,322
16.967353951890036,7.140296,12.269511,323
28.422107674684995,22.069983,30.992142,324
33.36197021764033,35.43969,41.916634,325
57.56013745704468,41.62347,49.88347,326
62.78636884306987,42.865807,46.6769,327
51.29581901489119,43.00138,46.430714,328
49.68499427262314,43.02609,48.698505,329
45.85481099656358,39.106323,49.017323,330
51.36741122565866,31.453995,39.98662,331
30.28350515463918,20.926289,31.333076,332
23.374856815578465,10.72773,18.948824,333
11.347365406643757,1.7247223,5.3216157,334
2.792096219931272,0.15376894,1.6562991,335
0.0,0.082930945,0.12108566,336
0.0,0.1238795,0.036839783,337
0.0,0.135813,0.04251135,338
0.0,0.45673275,0.07077459,339
0.0,0.10118936,0.04892344,340
0.0,0.12720792,0.032115415,341
0.0,0.27622893,0.034054894,342
0.0,0.039056756,0.05539282,343
0.0,0.12240427,0.06461023,344
0.0,0.17654477,0.055043533,345
0.0,0.16602151,0.13537568,346
1.5034364261168385,7.140296,1.3467432,347
6.192726231386025,22.069983,13.243869,348
8.340492554410082,35.43969,25.237783,349
11.812714776632305,41.62347,33.58368,350
8.626861397479955,42.865807,37.05439,351
12.38545246277205,43.00138,36.643154,352
8.626861397479955,43.02609,38.583084,353
6.264318442153494,39.106323,30.363825,354
3.3648339060710195,31.453995,19.624863,355
1.7898052691867123,20.926289,13.099541,356
0.0,10.72773,4.0618258,357
0.0,1.7247223,0.62063664,358
0.0,0.15376894,0.06017332,359
0.0,0.082930945,0.58584195,360
0.0,0.12387956,0.4254866,361
0.0,0.135813,0.49164486,362
0.0,0.45673275,0.5433464,363
0.0,0.10118936,0.27229267,364
0.0,0.12720792,0.49461952,365
0.0,0.27622893,0.5424077,366
0.0,0.039056793,0.54840606,367
0.0,0.12240432,0.5201592,368
0.0,0.17654483,0.4321868,369
0.0,0.16602159,1.2540427,370
0.5727376861397481,7.140296,6.203625,371
14.139461626575027,22.069983,23.37247,372
29.173825887743416,35.43969,36.392002,373
16.14404352806415,41.62347,44.238506,374
48.71849942726232,42.865807,43.915756,375
44.315578465063005,43.00138,44.565735,376
48.21735395189003,43.02609,44.887897,377
24.985681557846505,39.106323,42.668728,378
6.980240549828179,31.453995,33.236458,379
1.002290950744559,20.926289,23.667385,380
0.0,10.72773,11.51446,381
0.0,1.7247223,2.8731866,382
0.0,0.15376894,0.5382226,383
0.1073883161512027,0.082930945,1.4501153,384
0.0,0.1238795,1.5253012,385
0.0,0.135813,1.6059282,386
0.0,0.45673275,1.6723504,387
0.0,0.10118936,0.67430764,388
0.0,0.12720792,1.9312941,389
0.0,0.27622893,2.0895524,390
0.0,0.039056756,1.931359,391
0.0,0.12240427,1.5468388,392
0.0715922107674685,0.17654477,1.2761433,393
3.3290378006872854,0.16602151,3.8068767,394
15.213344788087058,7.140296,12.700004,395
34.32846506300115,22.069983,31.465652,396
51.54639175257733,35.43969,42.184574,397
64.28980526918672,41.62347,50.075184,398
67.33247422680412,42.865807,46.700535,399
66.68814432989691,43.00138,46.426727,400
66.65234822451318,43.02609,48.867504,401
65.97222222222221,39.106323,49.284016,402
51.9401489117984,31.453995,40.256294,403
43.52806414662085,20.926289,31.73967,404
25.09306987399771,10.72773,19.424269,405
11.45475372279496,1.7247223,5.500077,406
3.185853379152348,0.15376894,1.7749895,407
0.0,0.082930945,1.0385667,408
0.0,0.1238795,1.0051335,409
0.0,0.135813,1.1182201,410
0.0,0.45673275,1.1222512,411
0.0,0.10118936,0.47422034,412
0.0,0.12720792,1.2453687,413
0.0,0.27622893,1.3781171,414
0.0,0.039056756,1.2467928,415
0.0,0.12240427,1.0641898,416
0.0,0.17654477,0.8820108,417
0.4653493699885452,0.16602151,2.6820085,418
11.669530355097365,7.140296,10.183107,419
34.57903780068728,22.069983,28.545326,420
52.47709049255441,35.43969,40.487934,421
63.32331042382589,41.62347,48.42594,422
66.04381443298969,42.865807,46.246193,423
67.36827033218786,43.00138,46.359165,424
67.4040664375716,43.02609,47.600166,425
67.2966781214204,39.106323,47.422405,426
59.74369988545247,31.453995,38.39045,427
41.487686139748,20.926289,28.961351,428
19.47308132875144,10.72773,16.46524,429
3.0784650630011456,1.7247223,4.530591,430
0.0357961053837342,0.15376894,1.1646087,431
0.1789805269186712,0.082930945,1.290797,432
0.0,0.1238795,1.3359408,433
0.0,0.135813,1.4324152,434
0.0,0.45673275,1.4626931,435
0.0,0.10118936,0.5893666,436
0.0,0.12720792,1.6751511,437
0.0,0.27622893,1.8303208,438
0.0,0.039056756,1.6758401,439
0.0,0.12240427,1.3667277,440
0.1073883161512027,0.17654477,1.1249158,441
4.116552119129438,0.16602151,3.4227989,442
16.9315578465063,7.140296,11.859276,443
29.853951890034363,22.069983,30.548494,444
55.01861397479955,35.43969,41.67107,445
66.07961053837343,41.62347,49.703323,446
67.47565864833906,42.865807,46.662037,447
66.58075601374571,43.00138,46.423725,448
67.2966781214204,43.02609,48.546265,449
66.3659793814433,39.106323,48.76093,450
37.90807560137457,31.453995,39.733868,451
29.782359679266897,20.926289,30.95226,452
26.38172966781214,10.72773,18.50224,453
10.846219931271476,1.7247223,5.1515794,454
2.756300114547537,0.15376894,1.5519443,455
0.0,0.082930945,0.81051725,456
0.0,0.12387956,0.69648737,457
0.0,0.135813,0.79250604,458
0.0,0.45673275,0.8180416,459
0.0,0.10118936,0.3765092,460
0.0,0.12720792,0.84486026,461
0.0,0.27622893,0.9371791,462
0.0,0.039056793,0.8719949,463
0.0,0.12240432,0.7824765,464
0.0,0.17654483,0.6525457,465
0.0715922107674685,0.16602159,1.9520626,466
4.581901489117985,7.140296,8.312825,467
19.4372852233677,22.069983,26.175617,468
25.45103092783505,35.43969,38.735245,469
18.54238258877434,41.62347,46.605255,470
17.575887743413517,42.865807,45.270218,471
30.64146620847652,43.00138,45.787636,472
13.172966781214203,43.02609,46.397446,473
39.91265750286369,39.106323,45.438705,474
8.555269186712486,31.453995,36.261864,475
20.010022909507448,20.926289,26.55702,476
18.79295532646048,10.72773,14.177849,477
6.335910652920962,1.7247223,3.7857428,478
0.0715922107674685,0.15376894,0.8303656,479
0.0,0.082930945,1.5842351,480
0.0,0.1238795,1.6754951,481
0.0,0.135813,1.747946,482
0.0,0.45673275,1.8340787,483
0.0,0.10118936,0.74552923,484
0.0,0.12720792,2.128894,485
0.0,0.27622893,2.290102,486
0.0,0.039056756,2.1232762,487
0.0,0.12240427,1.6978616,488
0.0715922107674685,0.17654477,1.4034684,489
4.223940435280642,0.16602151,4.101133,490
13.13717067583047,7.140296,13.296491,491
21.871420389461623,22.069983,31.996796,492
27.061855670103093,35.43969,42.514404,493
45.53264604810997,41.62347,50.255142,494
65.61426116838489,42.865807,46.725082,495
63.215922107674686,43.00138,46.470318,496
51.43900343642612,43.02609,48.984547,497
48.1815578465063,39.106323,49.555077,498
23.33906071019473,31.453995,40.57562,499
21.29868270332188,20.926289,32.21632,500
11.633734249713632,10.72773,20.019424,501
6.264318442153494,1.7247223,5.8046265,502
1.1096792668957618,0.15376894,1.9565358,503
0.0,0.082930945,0.10427073,504
0.0,0.1238795,0.028098676,505
0.0,0.135813,0.03260271,506
0.0,0.45673275,0.056852113,507
0.0,0.10118936,0.03977159,508
0.0,0.12720792,0.023088174,509
0.0,0.27622893,0.024205737,510
0.0,0.039056756,0.042220432,511
0.0,0.12240427,0.052405912,512
0.0,0.17654477,0.044167224,513
0.0,0.16602151,0.10382013,514
7.8751431844215345,7.140296,1.1069341,515
39.51890034364261,22.069983,12.289117,516
54.05211912943872,35.43969,24.080406,517
28.49369988545246,41.62347,32.326283,518
16.215635738831615,42.865807,36.40343,519
16.14404352806415,43.00138,35.542725,520
34.97279495990836,43.02609,37.68893,521
20.761741122565866,39.106323,28.966972,522
8.483676975945018,31.453995,18.139763,523
4.510309278350515,20.926289,12.156215,524
0.143184421534937,10.72773,3.514715,525
0.0,1.7247223,0.52217746,526
0.0,0.15376894,0.048358,527
0.0,0.082930945,0.3442107,528
0.0,0.1238795,0.19245268,529
0.0,0.135813,0.22544833,530
0.0,0.45673275,0.28431895,531
0.0,0.10118936,0.16118285,532
0.0,0.12720792,0.2105047,533
0.0,0.27622893,0.22696133,534
0.0,0.039056756,0.26605827,535
0.0,0.12240427,0.26586208,536
0.0,0.17654477,0.2209174,537
0.0357961053837342,0.16602151,0.62323517,538
10.70303550973654,7.140296,3.8808446,539
37.8364833906071,22.069983,19.601196,540
57.84650630011456,35.43969,32.73809,541
66.07961053837343,41.62347,40.693275,542
67.22508591065292,42.865807,41.659184,543
67.4040664375716,43.00138,42.407173,544
67.43986254295532,43.02609,42.800163,545
64.64776632302406,39.106323,38.4694,546
45.53264604810997,31.453995,28.72865,547
13.924684994272624,20.926289,19.723034,548
0.5011454753722795,10.72773,8.385145,549
0.0,1.7247223,1.7915357,550
0.0,0.15376894,0.26690188,551
0.0715922107674685,0.082930945,1.6164858,552
0.0,0.1238795,1.7132338,553
0.0,0.135813,1.7852399,554
0.0,0.45673275,1.879356,555
0.0,0.10118936,0.75815386,556
0.0,0.12720792,2.1707559,557
0.0,0.27622893,2.3285708,558
0.0,0.039056756,2.1696973,559
0.0,0.12240427,1.7359949,560
0.4653493699885452,0.17654477,1.4343696,561
5.083046964490263,0.16602151,4.1790833,562
21.83562428407789,7.140296,13.416687,563
43.313287514318446,22.069983,32.127674,564
60.817583046964494,35.43969,42.597683,565
67.47565864833906,41.62347,50.304783,566
67.54725085910653,42.865807,46.760056,567
67.54725085910653,43.00138,46.445335,568
67.5114547537228,43.02609,49.025677,569
67.5114547537228,39.106323,49.638905,570
63.07273768613975,31.453995,40.61843,571
47.78780068728523,20.926289,32.3506,572
27.992554410080185,10.72773,20.14683,573
9.34278350515464,1.7247223,5.86871,574
2.469931271477664,0.15376894,2.0042005,575
0.0,0.082930945,0.15894012,576
0.0,0.1238795,0.057679508,577
0.0,0.135813,0.066830605,578
0.0,0.45673275,0.103328235,579
0.0,0.10118936,0.068967074,580
0.0,0.12720792,0.054474287,581
0.0,0.27622893,0.058040228,582
0.0,0.039056756,0.0859891,583
0.0,0.12240427,0.094347715,584
0.0,0.17654477,0.080070935,585
3.0784650630011456,0.16602151,0.20682229,586
31.89432989690722,7.140296,1.8204374,587
32.32388316151203,22.069983,14.810759,588
63.71706758304697,35.43969,27.219053,589
62.2852233676976,41.62347,35.496483,590
66.07961053837343,42.865807,38.224575,591
65.79324169530355,43.00138,38.370518,592
61.17554410080184,43.02609,39.763,593
64.4687857961054,39.106323,32.465996,594
47.71620847651776,31.453995,22.04347,595
23.267468499427263,20.926289,14.699501,596
2.469931271477664,10.72773,5.0182047,597
0.0,1.7247223,0.8320467,598
0.0,0.15376894,0.089694865,599
0.0,0.082930945,0.9045804,600
0.0,0.1238795,0.8261715,601
0.0,0.135813,0.9309489,602
0.0,0.45673275,0.9510602,603
0.0,0.10118936,0.4166535,604
0.0,0.12720792,1.0132707,605
0.0,0.27622893,1.1224513,606
0.0,0.039056756,1.0335988,607
0.0,0.12240427,0.9015567,608
0.0,0.17654477,0.7476716,609
0.3937571592210767,0.16602151,2.2711792,610
10.917812142038946,7.140296,9.149689,611
33.68413516609393,22.069983,27.320877,612
55.16179839633448,35.43969,39.57585,613
67.47565864833906,41.62347,47.508827,614
67.618843069874,42.865807,45.74464,615
67.58304696449026,43.00138,46.031815,616
67.65463917525774,43.02609,47.035107,617
67.2966781214204,39.106323,46.42154,618
63.39490263459335,31.453995,37.28623,619
43.74284077892325,20.926289,27.720577,620
25.8089919816724,10.72773,15.261579,621
5.834765177548682,1.7247223,4.101841,622
0.143184421534937,0.15376894,0.97228634,623
0.0,0.082930945,0.09490394,624
0.0,0.1238795,0.02302133,625
0.0,0.135813,0.026966833,626
0.0,0.45673275,0.048827,627
0.0,0.10118936,0.03448839,628
0.0,0.12720792,0.017995179,629
0.0,0.27622893,0.018605573,630
0.0,0.039056756,0.034500986,631
0.0,0.12240427,0.045690767,632
0.0,0.17654477,0.037860885,633
0.0,0.16602151,0.0848002,634
0.3221649484536082,7.140296,0.94938755,635
3.221649484536083,22.069983,11.568536,636
8.877434135166094,35.43969,23.22275,637
23.58963344788087,41.62347,31.29346,638
42.27520045819015,42.865807,35.915344,639
26.34593356242841,43.00138,34.676136,640
15.463917525773196,43.02609,36.883373,641
6.013745704467354,39.106323,27.812618,642
5.441008018327606,31.453995,17.000402,643
0.8949026345933562,20.926289,11.454184,644
0.0,10.72773,3.1272187,645
0.0,1.7247223,0.46195313,646
0.0,0.15376894,0.041921064,647
0.0,0.08293091,0.096158534,648
0.0,0.1238795,0.023741132,649
0.0,0.135813,0.027761696,650
0.0,0.45673275,0.049988657,651
0.0,0.10118936,0.035215046,652
0.0,0.12720792,0.018723724,653
0.0,0.27622893,0.019401604,654
0.0,0.039056756,0.035610102,655
0.0,0.12240427,0.04663046,656
0.0,0.17654477,0.03873537,657
0.0,0.16602151,0.08759524,658
0.715922107674685,7.140296,0.97345316,659
3.006872852233677,22.069983,11.690233,660
6.693871706758305,35.43969,23.360826,661
12.779209621993129,41.62347,31.46714,662
16.895761741122566,42.865807,35.99661,663
16.85996563573883,43.00138,34.813625,664
12.492840778923252,43.02609,37.0231,665
16.64518900343643,39.106323,28.007862,666
12.528636884306987,31.45399,17.183247,667
7.266609392898053,20.926289,11.570757,668
5.083046964490263,10.72773,3.1893172,669
0.7875143184421535,1.7247223,0.47044638,670
0.0,0.15376888,0.042842504,671
0.0,0.082930945,0.19655566,672
0.0,0.1238795,0.08086602,673
0.0,0.135813,0.09417704,674
0.0,0.45673275,0.1377743,675
0.0,0.10118936,0.08841938,676
0.0,0.12720792,0.08030801,677
0.0,0.27622893,0.085599124,678
0.0,0.039056756,0.11884792,679
0.0,0.12240427,0.12633403,680
0.0,0.17654477,0.10639212,681
0.0,0.16602151,0.28322345,682
2.3625429553264605,7.140296,2.2652187,683
28.171534936998853,22.069983,16.059757,684
57.45274914089348,35.43969,28.756544,685
67.11769759450172,41.62347,36.9281,686
67.58304696449026,42.865807,39.167923,687
67.47565864833906,43.00138,39.596897,688
61.53350515463918,43.02609,40.595623,689
26.09536082474227,39.106323,34.076527,690
2.971076746849943,31.453995,23.888327,691
0.2505727376861397,20.926289,15.998994,692
0.0,10.72773,5.825756,693
0.0,1.7247223,1.0363926,694
0.0,0.15376894,0.122217916,695
0.143184421534937,0.082930945,1.5806036,696
0.0,0.1238795,1.6734531,697
0.0,0.135813,1.7460463,698
0.0,0.45673275,1.8344959,699
0.0,0.10118936,0.742021,700
0.0,0.12720792,2.1242785,701
0.0,0.27622893,2.2835753,702
0.0,0.039056756,2.1217096,703
0.0,0.12240427,1.6950123,704
0.429553264604811,0.17654477,1.4001276,705
5.441008018327606,0.16602151,4.099004,706
17.325315005727376,7.140296,13.282066,707
32.53865979381443,22.069983,32.00898,708
52.76345933562428,35.43969,42.518063,709
59.45733104238259,41.62347,50.266785,710
64.71935853379152,42.865807,46.73736,711
64.61197021764032,43.00138,46.45008,712
58.77720504009164,43.02609,49.002872,713
63.96764032073311,39.106323,49.571697,714
48.861683848797256,31.453995,40.56633,715
43.02691867124857,20.926289,32.229977,716
27.13344788087057,10.72773,20.015226,717
10.237686139747996,1.7247223,5.7905784,718
2.434135166093929,0.15376894,1.9546717,719
0.0,0.082930945,0.36275354,720
0.0,0.1238795,0.20686944,721
0.0,0.135813,0.24217176,722
0.0,0.45673275,0.3014988,723
0.0,0.10118936,0.16914472,724
0.0,0.12720792,0.22672896,725
0.0,0.27622893,0.2448017,726
0.0,0.039056756,0.2836569,727
0.0,0.12240427,0.28344682,728
0.143184421534937,0.17654477,0.23522311,729
3.830183276059565,0.16602151,0.6612702,730
16.8241695303551,7.140296,4.0355587,731
37.01317296678121,22.069983,19.886196,732
54.69644902634594,35.43969,33.042686,733
66.04381443298969,41.62347,40.976585,734
58.38344788087056,42.865807,41.858326,735
67.47565864833906,43.00138,42.56924,736
63.25171821305842,43.02609,42.949127,737
36.58361970217641,39.106323,38.79242,738
27.20504009163804,31.453995,29.074326,739
24.735108820160367,20.926289,20.025871,740
29.38860252004582,10.72773,8.599272,741
10.810423825887744,1.7247223,1.8708719,742
4.116552119129438,0.15376894,0.28505778,743
0.0,0.082930945,0.10947301,744
0.0,0.1238795,0.026165843,745
0.0,0.135813,0.030343939,746
0.0,0.45673275,0.05543169,747
0.0,0.10118936,0.04018486,748
0.0,0.12720792,0.020392723,749
0.0,0.27622893,0.021133414,750
0.0,0.039056756,0.03926172,751
0.0,0.12240427,0.0523064,752
0.0,0.17654477,0.04357786,753
0.0,0.16602151,0.093536705,754
0.0,7.140296,1.0142435,755
0.0,22.069983,11.849201,756
0.0,35.43969,23.39352,757
0.0,41.62347,31.430742,758
0.0357961053837342,42.865807,35.826466,759
0.0357961053837342,43.00138,34.615093,760
0.2147766323024055,43.02609,37.010498,761
0.0715922107674685,39.106323,28.004429,762
0.0,31.453995,17.118124,763
0.0,20.926289,11.695867,764
0.0,10.72773,3.2976053,765
0.0,1.7247223,0.5001974,766
0.0,0.15376894,0.047736153,767
0.0,0.082930945,0.2725637,768
0.0,0.12387956,0.13610908,769
0.0,0.135813,0.15920071,770
0.0,0.45673275,0.21346422,771
0.0,0.10118936,0.12750906,772
0.0,0.12720792,0.1449493,773
0.0,0.27622893,0.15530887,774
0.0,0.039056793,0.19408052,775
0.0,0.12240432,0.1968019,776
0.0,0.17654483,0.16447595,777
0.143184421534937,0.16602159,0.45965746,778
15.929266895761742,7.140296,3.1641989,779
46.534936998854526,22.069983,18.184967,780
65.327892325315,35.43969,31.182608,781
67.47565864833906,41.62347,39.23267,782
67.4040664375716,42.865807,40.6661,783
67.43986254295532,43.00138,41.409405,784
67.43986254295532,43.02609,41.96949,785
63.82445589919817,39.106323,36.763805,786
44.70933562428408,31.453995,26.867453,787
14.425830469644904,20.926289,18.21959,788
0.5369415807560137,10.72773,7.3193455,789
0.0,1.7247223,1.4447724,790
0.0,0.15376894,0.19527356,791
0.0,0.082930945,0.8388077,792
0.0,0.1238795,0.7475456,793
0.0,0.135813,0.8452626,794
0.0,0.45673275,0.87737244,795
0.0,0.10118936,0.3864733,796
0.0,0.12720792,0.9118284,797
0.0,0.27622893,1.007883,798
0.0,0.039056756,0.9433451,799
0.0,0.12240427,0.825373,800
0.0,0.17654477,0.683725,801
0.6443298969072165,0.16602151,2.093501,802
11.597938144329897,7.140296,8.671459,803
17.898052691867125,22.069983,26.807716,804
33.57674684994273,35.43969,39.138054,805
43.993413516609394,41.62347,47.123158,806
43.56386025200458,42.865807,45.509865,807
57.84650630011456,43.00138,45.804806,808
54.123711340206185,43.02609,46.84235,809
38.12285223367698,39.106323,45.993454,810
37.04896907216495,31.453995,36.738945,811
24.269759450171826,20.926289,27.19779,812
13.459335624284078,10.72773,14.733831,813
4.04495990836197,1.7247223,3.8698263,814
0.2147766323024055,0.15376894,0.8878108,815
0.0,0.082930945,0.09482603,816
0.0,0.1238795,0.022911754,817
0.0,0.135813,0.026846495,818
0.0,0.45673275,0.04867864,819
0.0,0.10118936,0.03441028,820
0.0,0.12720792,0.017880771,821
0.0,0.27622893,0.01847858,822
0.0,0.039056756,0.034335352,823
0.0,0.12240427,0.045587182,824
0.0,0.17654477,0.037748083,825
0.0,0.16602151,0.0843491,826
0.2505727376861397,7.140296,0.9454666,827
2.6131156930126003,22.069983,11.54956,828
4.04495990836197,35.43969,23.197044,829
7.588774341351661,41.62347,31.260256,830
5.906357388316152,42.865807,35.8978,831
14.24684994272623,43.00138,34.64617,832
14.783791523482243,43.02609,36.85679,833
10.166093928980526,39.106323,27.775972,834
4.188144329896907,31.453995,16.964584,835
0.429553264604811,20.926289,11.434972,836
0.0,10.72773,3.1176035,837
0.0,1.7247223,0.46063745,838
0.0,0.15376894,0.041816358,839
0.0,0.082930945,0.09575794,840
0.0,0.1238795,0.022888586,841
0.0,0.135813,0.02681099,842
0.0,0.45673275,0.04883871,843
0.0,0.10118936,0.034652986,844
0.0,0.12720792,0.017794337,845
0.0,0.27622893,0.018370679,846
0.0,0.039056756,0.03430391,847
0.0,0.12240427,0.045847237,848
0.0,0.17654477,0.03790646,849
0.0,0.16602151,0.083977036,850
0.143184421534937,7.140296,0.9415858,851
1.5034364261168385,22.069983,11.531157,852
9.987113402061857,35.43969,23.149052,853
26.09536082474227,41.62347,31.195202,854
21.871420389461623,42.865807,35.847836,855
7.517182130584192,43.00138,34.566677,856
9.306987399770906,43.02609,36.807632,857
5.369415807560138,39.106323,27.709188,858
3.400630011454754,31.453995,16.887678,859
0.143184421534937,20.926289,11.412143,860
0.0,10.72773,3.1098497,861
0.0,1.7247223,0.46039397,862
0.0,0.15376894,0.042022657,863
0.0,0.082930945,0.7365065,864
0.0,0.1238795,0.6220346,865
0.0,0.135813,0.709037,866
0.0,0.45673275,0.75280356,867
0.0,0.10118936,0.34232178,868
0.0,0.12720792,0.7526233,869
0.0,0.27622893,0.83061147,870
0.0,0.039056756,0.7941645,871
0.0,0.12240427,0.70477134,872
0.0,0.17654477,0.5849403,873
0.5011454753722795,0.16602151,1.7954981,874
4.259736540664376,7.140296,7.8537793,875
6.837056128293242,22.069983,25.774479,876
9.843928980526918,35.43969,38.29748,877
32.35967926689576,41.62347,46.30242,878
40.5569873997709,42.865807,45.027393,879
15.857674684994272,43.00138,45.47071,880
31.1426116838488,43.02609,46.35102,881
18.757159221076748,39.106323,45.088398,882
18.470790378006875,31.453995,35.72455,883
18.82875143184421,20.926289,26.138588,884
9.987113402061857,10.72773,13.752413,885
2.398339060710195,1.7247223,3.509206,886
0.143184421534937,0.15376894,0.75067794,887
0.0,0.082930945,0.10407681,888
0.0,0.1238795,0.02793542,889
0.0,0.135813,0.032437306,890
0.0,0.45673275,0.056598514,891
0.0,0.10118936,0.03962355,892
0.0,0.12720792,0.022899719,893
0.0,0.27622893,0.023998046,894
0.0,0.039056756,0.04195619,895
0.0,0.12240427,0.05223896,896
0.0,0.17654477,0.043993473,897
0.0,0.16602151,0.10310147,898
2.9352806414662083,7.140296,1.1007097,899
26.41752577319588,22.069983,12.257404,900
42.23940435280642,35.43969,24.051336,901
58.4192439862543,41.62347,32.28522,902
34.54324169530355,42.865807,36.387913,903
11.311569301260024,43.00138,35.51434,904
11.132588774341352,43.02609,37.65284,905
11.597938144329897,39.106323,28.917152,906
13.208762886597938,31.453995,18.098488,907
1.825601374570447,20.926289,12.127091,908
0.0,10.72773,3.4983888,909
0.0,1.7247223,0.52054256,910
0.0,0.15376894,0.048176315,911
0.0,0.08293091,0.09560475,912
0.0,0.1238795,0.022871137,913
0.0,0.135813,0.026794761,914
0.0,0.45673275,0.04879378,915
0.0,0.10118936,0.03460657,916
0.0,0.12720792,0.01778984,917
0.0,0.27622893,0.01836707,918
0.0,0.039056756,0.034281578,919
0.0,0.12240427,0.04579465,920
0.0,0.17654477,0.037860185,921
0.0,0.16602151,0.08395499,922
0.9306987399770904,7.140296,0.9415729,923
3.3648339060710195,22.069983,11.53213,924
5.369415807560138,35.43969,23.151987,925
12.70761741122566,41.62347,31.199318,926
11.741122565864831,42.865807,35.852024,927
15.177548682703325,43.00138,34.57288,928
25.45103092783505,43.02609,36.810757,929
26.954467353951888,39.106323,27.713078,930
25.630011454753728,31.45399,16.893147,931
8.161512027491408,20.926289,11.4129715,932
5.2262313860252005,10.72773,3.1099892,933
0.6443298969072165,1.7247223,0.46015474,934
0.0,0.15376888,0.041978512,935
0.3221649484536082,0.082930945,1.8451523,936
0.0,0.1238795,1.9605674,937
0.0,0.135813,2.0301976,938
0.0,0.45673275,2.151835,939
0.0,0.10118936,0.867761,940
0.0,0.12720792,2.4668384,941
0.0,0.27622893,2.619738,942
0.0,0.039056756,2.4647412,943
0.0,0.12240427,1.9979428,944
1.1096792668957618,0.17654477,1.6529596,945
9.128006872852234,0.16602151,4.659272,946
21.29868270332188,7.140296,14.2280655,947
25.52262313860252,22.069983,32.754498,948
43.92182130584192,35.43969,43.04159,949
66.58075601374571,41.62347,50.47692,950
67.1892898052692,42.865807,46.854927,951
67.54725085910653,43.00138,46.47974,952
67.54725085910653,43.02609,49.092026,953
67.54725085910653,39.106323,49.952282,954
63.86025200458191,31.453995,40.943794,955
43.06271477663231,20.926289,32.983624,956
34.32846506300115,10.72773,20.899572,957
12.922394043528064,1.7247223,6.372894,958
2.9352806414662083,0.15376894,2.316225,959
0.0,0.082930945,1.302692,960
0.0,0.1238795,1.3489758,961
0.0,0.135813,1.4449164,962
0.0,0.45673275,1.476283,963
0.0,0.10118936,0.59585714,964
0.0,0.12720792,1.6927375,965
0.0,0.27622893,1.8488946,966
0.0,0.039056756,1.6924884,967
0.0,0.12240427,1.3800223,968
0.0,0.17654477,1.135954,969
0.6443298969072165,0.16602151,3.4482453,970
6.944444444444445,7.140296,11.917543,971
23.4106529209622,22.069983,30.601988,972
58.49083619702176,35.43969,41.704628,973
66.33018327605956,41.62347,49.722446,974
51.61798396334479,42.865807,46.661957,975
39.44730813287514,43.00138,46.430244,976
56.27147766323024,43.02609,48.55853,977
20.5827605956472,39.106323,48.787506,978
61.46191294387171,31.453995,39.77048,979
31.106815578465064,20.926289,30.998554,980
22.73052691867125,10.72773,18.561558,981
6.801260022909508,1.7247223,5.180956,982
0.7517182130584192,0.15376894,1.567577,983
0.0,0.082930945,0.93963265,984
0.0,0.1238795,0.868319,985
0.0,0.135813,0.9760994,986
0.0,0.45673275,0.98915,987
0.0,0.10118936,0.43260926,988
0.0,0.12720792,1.0677723,989
0.0,0.27622893,1.1841102,990
0.0,0.039056756,1.0808778,991
0.0,0.12240427,0.94120336,992
0.0,0.17654477,0.782042,993
0.0715922107674685,0.16602151,2.366002,994
3.9733676975945023,7.140296,9.402411,995
16.537800687285223,22.069983,27.578344,996
24.80670103092784,35.43969,39.78963,997
53.37199312714777,41.62347,47.700943,998
64.50458190148912,42.865807,45.86027,999
50.54410080183276,43.00138,46.15076,1000
62.8221649484536,43.02609,47.12644,1001
49.04066437571593,39.106323,46.640953,1002
55.19759450171821,31.453995,37.556503,1003
36.01088201603665,20.926289,27.983995,1004
15.105956471935857,10.72773,15.529572,1005
1.396048109965636,1.7247223,4.22366,1006
0.0,0.15376894,1.0165713,1007
0.0,0.082930945,0.80865484,1008
0.0,0.1238795,0.6889836,1009
0.0,0.135813,0.78499186,1010
0.0,0.45673275,0.80858934,1011
0.0,0.10118936,0.37566432,1012
0.0,0.12720792,0.8335463,1013
0.0,0.27622893,0.9249795,1014
0.0,0.039056756,0.8601402,1015
0.0,0.12240427,0.77808636,1016
0.0,0.17654477,0.64886016,1017
0.0,0.16602151,1.9242005,1018
5.2262313860252005,7.140296,8.237124,1019
31.464776632302403,22.069983,26.04145,1020
55.376575028636886,35.43969,38.661922,1021
67.15349369988546,41.62347,46.49144,1022
67.54725085910653,42.865807,45.227577,1023
67.5114547537228,43.00138,45.77553,1024
67.58304696449026,43.02609,46.288788,1025
66.72394043528065,39.106323,45.306473,1026
53.94473081328752,31.453995,36.154972,1027
33.18298969072165,20.926289,26.420408,1028
7.195017182130585,10.72773,14.050971,1029
0.0715922107674685,1.7247223,3.7769966,1030
0.0,0.15376894,0.82277507,1031
0.0,0.08293091,0.11803905,1032
0.0,0.1238795,0.03584151,1033
0.0,0.135813,0.041131586,1034
0.0,0.45673275,0.06904507,1035
0.0,0.10118936,0.04768935,1036
0.0,0.12720792,0.031345833,1037
0.0,0.27622893,0.033280794,1038
0.0,0.039056756,0.054084633,1039
0.0,0.12240427,0.06252797,1040
0.0,0.17654477,0.053507473,1041
0.0715922107674685,0.16602151,0.13315919,1042
1.467640320733104,7.140296,1.3366896,1043
3.150057273768614,22.069983,13.252396,1044
5.441008018327606,35.43969,25.146585,1045
9.987113402061857,41.62347,33.57335,1046
8.734249713631158,42.865807,36.985752,1047
7.016036655211913,43.00138,36.56128,1048
9.199599083619702,43.02609,38.640648,1049
16.000859106529212,39.106323,30.396923,1050
5.405211912943872,31.45399,19.554966,1051
3.185853379152348,20.926289,13.084668,1052
1.2528636884306987,10.72773,4.058036,1053
0.4653493699885452,1.7247223,0.60676473,1054
0.0,0.15376888,0.058327157,1055
0.0,0.082930945,0.12321027,1056
0.0,0.1238795,0.038877577,1057
0.0,0.135813,0.044505782,1058
0.0,0.45673275,0.073668055,1059
0.0,0.10118936,0.050739273,1060
0.0,0.12720792,0.034670033,1061
0.0,0.27622893,0.03695699,1062
0.0,0.039056756,0.058690023,1063
0.0,0.12240427,0.0664465,1064
0.0,0.17654477,0.057116628,1065
0.3221649484536082,0.16602151,0.14449361,1066
3.436426116838488,7.140296,1.4208647,1067
13.316151202749142,22.069983,13.563567,1068
15.499713631156933,35.43969,25.505692,1069
16.466208476517753,41.62347,33.97254,1070
25.73739977090493,42.865807,37.18115,1071
52.22651775486828,43.00138,36.91148,1072
50.54410080183276,43.02609,38.93053,1073
33.93470790378007,39.106323,30.852121,1074
31.572164948453608,31.453995,20.036098,1075
35.50973654066438,20.926289,13.390285,1076
13.38774341351661,10.72773,4.2456264,1077
5.262027491408935,1.7247223,0.63916665,1078
2.147766323024055,0.15376894,0.062171243,1079
0.0,0.082930945,0.59967875,1080
0.0,0.1238795,0.44153318,1081
0.0,0.135813,0.51010305,1082
0.0,0.45673275,0.56028086,1083
0.0,0.10118936,0.27920747,1084
0.0,0.12720792,0.5155158,1085
0.0,0.27622893,0.5661661,1086
0.0,0.039056756,0.5678544,1087
0.0,0.12240427,0.5363902,1088
0.0,0.17654477,0.44572303,1089
0.3937571592210767,0.16602151,1.2978497,1090
12.993986254295534,7.140296,6.348113,1091
37.514318442153495,22.069983,23.573168,1092
58.45504009163803,35.43969,36.572277,1093
59.34994272623138,41.62347,44.417553,1094
58.38344788087056,42.865807,44.01976,1095
62.965349369988544,43.00138,44.679043,1096
58.5266323024055,43.02609,45.00466,1097
63.64547537227951,39.106323,42.88411,1098
63.18012600229095,31.453995,33.478596,1099
43.88602520045819,20.926289,23.875551,1100
21.012313860252004,10.72773,11.706024,1101
3.61540664375716,1.7247223,2.9375474,1102
0.0715922107674685,0.15376894,0.5556809,1103
0.0,0.082930945,1.3496536,1104
0.0,0.1238795,1.405265,1105
0.0,0.135813,1.4967333,1106
0.0,0.45673275,1.5390735,1107
0.0,0.10118936,0.62043935,1108
0.0,0.12720792,1.7683251,1109
0.0,0.27622893,1.9252658,1110
0.0,0.039056756,1.7686208,1111
0.0,0.12240427,1.433569,1112
0.3937571592210767,0.17654477,1.1803839,1113
5.906357388316152,0.16602151,3.562885,1114
17.75486827033219,7.140296,12.169589,1115
35.18757159221077,22.069983,30.889458,1116
51.54639175257733,35.43969,41.86606,1117
64.28980526918672,41.62347,49.84264,1118
67.54725085910653,42.865807,46.677666,1119
67.54725085910653,43.00138,46.424614,1120
61.927262313860254,43.02609,48.664814,1121
45.81901489117984,39.106323,48.954357,1122
30.569873997709053,31.453995,39.93145,1123
4.223940435280642,20.926289,31.24591,1124
9.0922107674685,10.72773,18.842955,1125
1.1812714776632305,1.7247223,5.283287,1126
0.3579610538373425,0.15376894,1.6340412,1127
0.0,0.082930945,0.85239476,1128
0.0,0.1238795,0.74426675,1129
0.0,0.135813,0.8465136,1130
0.0,0.45673275,0.8634822,1131
0.0,0.10118936,0.3967722,1132
0.0,0.12720792,0.9068105,1133
0.0,0.27622893,1.0081836,1134
0.0,0.039056756,0.9265877,1135
0.0,0.12240427,0.8312005,1136
0.0,0.17654477,0.6929572,1137
1.467640320733104,0.16602151,2.060351,1138
15.32073310423826,7.140296,8.613148,1139
39.44730813287514,22.069983,26.49136,1140
59.95847651775487,35.43969,39.025356,1141
67.36827033218786,41.62347,46.84351,1142
66.22279495990836,42.865807,45.421227,1143
65.75744558991981,43.00138,45.95276,1144
65.4352806414662,43.02609,46.513245,1145
50.65148911798397,39.106323,45.703983,1146
61.46191294387171,31.453995,36.631676,1147
47.17926689576174,20.926289,26.879328,1148
25.41523482245132,10.72773,14.513757,1149
6.121134020618557,1.7247223,3.9424195,1150
0.4653493699885452,0.15376894,0.88236815,1151
0.0,0.08293091,0.09789831,1152
0.0,0.1238795,0.024745928,1153
0.0,0.135813,0.028868485,1154
0.0,0.45673275,0.05158116,1155
0.0,0.10118936,0.036227774,1156
0.0,0.12720792,0.019739797,1157
0.0,0.27622893,0.020518016,1158
0.0,0.039056756,0.03715133,1159
0.0,0.12240427,0.047918964,1160
0.0,0.17654477,0.039956283,1161
0.1789805269186712,0.16602151,0.091458924,1162
1.288659793814433,7.140296,1.0062594,1163
5.655784650630012,22.069983,11.849277,1164
13.745704467353953,35.43969,23.544521,1165
20.61855670103093,41.62347,31.696617,1166
28.45790378006873,42.865807,36.10313,1167
39.411512027491405,43.00138,34.998726,1168
38.08705612829325,43.02609,37.20745,1169
11.848510882016038,39.106323,28.266262,1170
7.195017182130585,31.45399,17.428932,1171
6.944444444444445,20.926289,11.724181,1172
2.792096219931272,10.72773,3.2723107,1173
0.3937571592210767,1.7247223,0.48226863,1174
0.0,0.15376888,0.044094995,1175
0.0357961053837342,0.082930945,1.2727033,1176
0.0,0.1238795,1.3157728,1177
0.0,0.135813,1.4119911,1178
0.0,0.45673275,1.4408247,1179
0.0,0.10118936,0.5794299,1180
0.0,0.12720792,1.6482129,1181
0.0,0.27622893,1.8017309,1182
0.0,0.039056756,1.6495817,1183
0.0,0.12240427,1.3451238,1184
0.143184421534937,0.17654477,1.1080135,1185
3.758591065292096,0.16602151,3.3840866,1186
16.14404352806415,7.140296,11.775225,1187
34.40005727376862,22.069983,30.470291,1188
51.68957617411226,35.43969,41.615814,1189
60.24484536082474,41.62347,49.676235,1190
62.1778350515464,42.865807,46.66024,1191
46.74971363115693,43.00138,46.416473,1192
27.31242840778924,43.02609,48.527172,1193
0.7517182130584192,39.106323,48.72702,1194
5.190435280641466,31.453995,39.67482,1195
7.230813287514319,20.926289,30.883488,1196
9.951317296678122,10.72773,18.41275,1197
10.273482245131731,1.7247223,5.1057386,1198
2.541523482245132,0.15376894,1.5268826,1199
0.0357961053837342,0.082930945,1.3067323,1200
0.0,0.1238795,1.3499203,1201
0.0,0.135813,1.4464844,1202
0.0,0.45673275,1.4739461,1203
0.0,0.10118936,0.59874433,1204
0.0,0.12720792,1.6942108,1205
0.0,0.27622893,1.8522826,1206
0.0,0.039056756,1.690449,1207
0.0,0.12240427,1.3827378,1208
0.429553264604811,0.17654477,1.1393245,1209
4.868270332187858,0.16602151,3.447716,1210
21.191294387170675,7.140296,11.923008,1211
42.23940435280642,22.069983,30.564005,1212
59.92268041237113,35.43969,41.69114,1213
55.304982817869416,41.62347,49.69497,1214
43.67124856815578,42.865807,46.649925,1215
53.44358533791523,43.00138,46.457787,1216
57.38115693012601,43.02609,48.517586,1217
51.79696449026346,39.106323,48.752846,1218
44.88831615120275,31.453995,39.7657,1219
24.34135166093929,20.926289,30.966673,1220
22.30097365406644,10.72773,18.545958,1221
5.118843069873997,1.7247223,5.199287,1222
1.43184421534937,0.15376894,1.5686382,1223
0.0715922107674685,0.082930945,0.70639426,1224
0.0,0.1238795,0.59872276,1225
0.0,0.135813,0.68049335,1226
0.0,0.45673275,0.7392531,1227
0.0,0.10118936,0.3270723,1228
0.0,0.12720792,0.72469383,1229
0.0,0.27622893,0.79463273,1230
0.0,0.039056756,0.7787025,1231
0.0,0.12240427,0.6800008,1232
0.0,0.17654477,0.55748236,1233
0.859106529209622,0.16602151,1.7503414,1234
2.9352806414662083,7.140296,7.699833,1235
22.050400916380298,22.069983,25.814543,1236
47.17926689576174,35.43969,38.206055,1237
51.18843069873999,41.62347,46.340115,1238
40.52119129438717,42.865807,44.9675,1239
42.919530355097365,43.00138,45.22498,1240
59.42153493699885,43.02609,46.51589,1241
45.38946162657503,39.106323,45.05611,1242
59.31414662084765,31.453995,35.571293,1243
39.23253150057274,20.926289,26.157671,1244
22.69473081328752,10.72773,13.716844,1245
8.018327605956472,1.7247223,3.3701837,1246
3.185853379152348,0.15376894,0.73063916,1247
0.0,0.082930945,0.096325405,1248
0.0,0.1238795,0.022975894,1249
0.0,0.135813,0.026903758,1250
0.0,0.45673275,0.04905314,1251
0.0,0.10118936,0.03485582,1252
0.0,0.12720792,0.017849632,1253
0.0,0.27622893,0.018427115,1254
0.0,0.039056756,0.034435958,1255
0.0,0.12240427,0.04607774,1256
0.0,0.17654477,0.03809651,1257
0.0,0.16602151,0.08417013,1258
1.575028636884307,7.140296,0.94288623,1259
7.40979381443299,22.069983,11.536396,1260
17.25372279495991,35.43969,23.146776,1261
23.4106529209622,41.62347,31.189236,1262
23.732817869415808,42.865807,35.837166,1263
21.29868270332188,43.00138,34.55284,1264
11.633734249713632,43.02609,36.804073,1265
8.197308132875143,39.106323,27.7048,1266
2.541523482245132,31.453995,16.879597,1267
0.1789805269186712,20.926289,11.415532,1268
0.0,10.72773,3.113604,1269
0.0,1.7247223,0.46150604,1270
0.0,0.15376894,0.042219482,1271
0.5011454753722795,0.082930945,1.4724159,1272
0.0,0.1238795,1.5471846,1273
0.0,0.135813,1.6276337,1274
0.0,0.45673275,1.6928003,1275
0.0,0.10118936,0.68733406,1276
0.0,0.12720792,1.9611586,1277
0.0,0.27622893,2.1221828,1278
0.0,0.039056756,1.9569066,1279
0.0,0.12240427,1.5711722,1280
0.2505727376861397,0.17654477,1.2967622,1281
3.9375715922107672,0.16602151,3.8461678,1282
18.68556701030928,7.140296,12.788868,1283
39.98424971363116,22.069983,31.510818,1284
57.73911798396336,35.43969,42.223602,1285
67.15349369988546,41.62347,50.079376,1286
67.47565864833906,42.865807,46.692596,1287
64.36139747995419,43.00138,46.45664,1288
48.82588774341352,43.02609,48.852097,1289
48.1815578465063,39.106323,49.291054,1290
30.247709049255445,31.453995,40.304638,1291
48.646907216494846,20.926289,31.779972,1292
29.63917525773196,10.72773,19.497328,1293
8.08991981672394,1.7247223,5.5596585,1294
3.257445589919817,0.15376894,1.801861,1295
0.0,0.082930945,0.7115757,1296
0.0,0.1238795,0.5732543,1297
0.0,0.135813,0.65766776,1298
0.0,0.45673275,0.69518524,1299
0.0,0.10118936,0.331455,1300
0.0,0.12720792,0.6849426,1301
0.0,0.27622893,0.75727177,1302
0.0,0.039056756,0.7248531,1303
0.0,0.12240427,0.6658938,1304
0.0,0.17654477,0.5545311,1305
0.0357961053837342,0.16602151,1.641892,1306
2.541523482245132,7.140296,7.4199586,1307
34.50744558991982,22.069983,25.024912,1308
60.53121420389462,35.43969,37.816055,1309
59.31414662084765,41.62347,45.665394,1310
58.95618556701031,42.865807,44.747032,1311
67.43986254295532,43.00138,45.357597,1312
67.4040664375716,43.02609,45.795082,1313
61.35452462772051,39.106323,44.35958,1314
39.05355097365407,31.453995,35.086105,1315
11.060996563573884,20.926289,25.376745,1316
0.9664948453608248,10.72773,13.069103,1317
0.0,1.7247223,3.4081593,1318
0.0,0.15376894,0.6982957,1319
0.0,0.082930945,0.29902688,1320
0.0,0.1238795,0.15629297,1321
0.0,0.135813,0.1829442,1322
0.0,0.45673275,0.2396389,1323
0.0,0.10118936,0.13973913,1324
0.0,0.12720792,0.16816197,1325
0.0,0.27622893,0.1802763,1326
0.0,0.039056756,0.22002827,1327
0.0,0.12240427,0.22188756,1328
0.0,0.17654477,0.1850042,1329
0.0,0.16602151,0.5196993,1330
2.183562428407789,7.140296,3.4339566,1331
18.900343642611684,22.069983,18.74487,1332
18.50658648339061,35.43969,31.811073,1333
45.49684994272623,41.62347,39.814728,1334
24.59192439862543,42.865807,41.078518,1335
13.316151202749142,43.00138,41.81342,1336
11.025200458190149,43.02609,42.292328,1337
12.779209621993129,39.106323,37.45103,1338
3.722794959908362,31.453995,27.599249,1339
0.4653493699885452,20.926289,18.818386,1340
0.0,10.72773,7.721909,1341
0.0,1.7247223,1.5745709,1342
0.0,0.15376894,0.2215717,1343
0.0,0.082930945,1.2847108,1344
0.0,0.1238795,1.3266783,1345
0.0,0.135813,1.4244826,1346
0.0,0.45673275,1.4508126,1347
0.0,0.10118936,0.5867063,1348
0.0,0.12720792,1.662964,1349
0.0,0.27622893,1.8191186,1350
0.0,0.039056756,1.6617978,1351
0.0,0.12240427,1.3590975,1352
0.0,0.17654477,1.1189543,1353
2.971076746849943,0.16602151,3.402435,1354
20.332187857961053,7.140296,11.8171,1355
41.77405498281787,22.069983,30.476305,1356
45.81901489117984,35.43969,41.63533,1357
29.352806414662087,41.62347,49.66659,1358
47.71620847651776,42.865807,46.652466,1359
53.3004009163803,43.00138,46.439056,1360
60.56701030927836,43.02609,48.505882,1361
40.59278350515464,39.106323,48.711357,1362
27.670389461626577,31.453995,39.703712,1363
41.73825887743413,20.926289,30.890455,1364
23.94759450171821,10.72773,18.444637,1365
8.519473081328751,1.7247223,5.1434374,1366
0.9306987399770904,0.15376894,1.5412008,1367
0.0,0.082930945,0.4975868,1368
0.0,0.1238795,0.3351691,1369
0.0,0.135813,0.38987765,1370
0.0,0.45673275,0.4477942,1371
0.0,0.10118936,0.23267129,1372
0.0,0.12720792,0.3836722,1373
0.0,0.27622893,0.41864148,1374
0.0,0.039056756,0.44148746,1375
0.0,0.12240427,0.42514488,1376
0.0,0.17654477,0.35287315,1377
0.5011454753722795,0.16602151,1.0199937,1378
6.371706758304696,7.140296,5.405444,1379
21.83562428407789,22.069983,22.189867,1380
50.36512027491409,35.43969,35.300747,1381
45.53264604810997,41.62347,43.176716,1382
49.14805269186713,42.865807,43.250748,1383
27.13344788087057,43.00138,43.967197,1384
25.09306987399771,43.02609,44.269676,1385
12.170675830469644,39.106323,41.42061,1386
4.79667812142039,31.453995,31.892712,1387
0.3937571592210767,20.926289,22.436113,1388
0.0,10.72773,10.49329,1389
0.0,1.7247223,2.501042,1390
0.0,0.15376894,0.43592766,1391
0.1073883161512027,0.082930945,1.4411647,1392
0.0,0.1238795,1.5139947,1393
0.0,0.135813,1.59625,1394
0.0,0.45673275,1.6593947,1395
0.0,0.10118936,0.6695194,1396
0.0,0.12720792,1.9157846,1397
0.0,0.27622893,2.0743134,1398
0.0,0.039056756,1.9154243,1399
0.0,0.12240427,1.5371706,1400
0.6085337915234823,0.17654477,1.2673771,1401
6.192726231386025,0.16602151,3.7824159,1402
22.444158075601376,7.140296,12.647271,1403
43.993413516609394,22.069983,31.404205,1404
61.81987399770905,35.43969,42.154675,1405
67.47565864833906,41.62347,50.049175,1406
67.58304696449026,42.865807,46.698444,1407
67.58304696449026,43.00138,46.42908,1408
67.58304696449026,43.02609,48.841946,1409
67.58304696449026,39.106323,49.24514,1410
64.11082474226805,31.453995,40.225666,1411
48.396334478808704,20.926289,31.687407,1412
28.45790378006873,10.72773,19.364016,1413
10.70303550973654,1.7247223,5.4826493,1414
2.756300114547537,0.15376894,1.7623408,1415
0.0,0.082930945,0.40547076,1416
0.0,0.1238795,0.24872844,1417
0.0,0.135813,0.2909066,1418
0.0,0.45673275,0.3514628,1419
0.0,0.10118936,0.19121307,1420
0.0,0.12720792,0.27966404,1421
0.0,0.27622893,0.30318218,1422
0.0,0.039056756,0.33727026,1423
0.0,0.12240427,0.32955018,1424
0.0,0.17654477,0.27370527,1425
1.6108247422680415,0.16602151,0.7885987,1426
25.41523482245132,7.140296,4.5535164,1427
55.412371134020624,22.069983,20.811766,1428
67.5114547537228,35.43969,33.955036,1429
67.58304696449026,41.62347,41.88034,1430
67.58304696449026,42.865807,42.40818,1431
67.58304696449026,43.00138,43.20594,1432
67.58304696449026,43.02609,43.525574,1433
65.79324169530355,39.106323,39.895554,1434
49.577605956471935,31.453995,30.26175,1435
23.44644902634593,20.926289,20.989326,1436
1.718213058419244,10.72773,9.357709,1437
0.0,1.7247223,2.0957654,1438
0.0,0.15376894,0.33452034,1439
0.0,0.082930945,0.6000259,1440
0.0,0.1238795,0.4428319,1441
0.0,0.135813,0.5119713,1442
0.0,0.45673275,0.5619562,1443
0.0,0.10118936,0.2799007,1444
0.0,0.12720792,0.51786023,1445
0.0,0.27622893,0.5690433,1446
0.0,0.039056756,0.5698248,1447
0.0,0.12240427,0.53752136,1448
0.0,0.17654477,0.44668788,1449
2.720504009163803,0.16602151,1.3034672,1450
18.721363115693013,7.140296,6.3668885,1451
43.06271477663231,22.069983,23.595932,1452
63.86025200458191,35.43969,36.593414,1453
62.6073883161512,41.62347,44.438683,1454
45.74742268041238,42.865807,44.029217,1455
44.243986254295535,43.00138,44.702606,1456
42.34679266895762,43.02609,45.02508,1457
47.64461626575029,39.106323,42.914013,1458
59.20675830469645,31.453995,33.51839,1459
48.861683848797256,20.926289,23.899506,1460
19.72365406643757,10.72773,11.736261,1461
8.626861397479955,1.7247223,2.9444826,1462
1.002290950744559,0.15376894,0.5568734,1463
0.1789805269186712,0.082930945,1.3017881,1464
0.0,0.1238795,1.3473257,1465
0.0,0.135813,1.4427489,1466
0.0,0.45673275,1.4736178,1467
0.0,0.10118936,0.5954421,1468
0.0,0.12720792,1.6906881,1469
0.0,0.27622893,1.8469071,1470
0.0,0.039056756,1.6896758,1471
0.0,0.12240427,1.3778183,1472
0.3221649484536082,0.17654477,1.135067,1473
5.262027491408935,0.16602151,3.4455254,1474
15.499713631156933,7.140296,11.914943,1475
25.486827033218784,22.069983,30.592812,1476
40.5569873997709,35.43969,41.696323,1477
22.157789232531503,41.62347,49.717487,1478
32.6102520045819,42.865807,46.658703,1479
60.45962199312716,43.00138,46.43521,1480
49.14805269186713,43.02609,48.551453,1481
48.646907216494846,39.106323,48.78392,1482
36.512027491408936,31.453995,39.76401,1483
41.12972508591066,20.926289,30.990162,1484
23.33906071019473,10.72773,18.55408,1485
11.597938144329897,1.7247223,5.1793838,1486
3.3290378006872854,0.15376894,1.5649017,1487
0.0,0.082930945,0.09876305,1488
0.0,0.1238795,0.025206245,1489
0.0,0.135813,0.029374842,1490
0.0,0.45673275,0.052308023,1491
0.0,0.10118936,0.036720514,1492
0.0,0.12720792,0.020202482,1493
0.0,0.27622893,0.021026647,1494
0.0,0.039056756,0.037852403,1495
0.0,0.12240427,0.04852617,1496
0.0,0.17654477,0.040533647,1497
1.2170675830469646,0.16602151,0.09320013,1498
2.6489117983963344,7.140296,1.0208548,1499
9.306987399770906,22.069983,11.91619,1500
18.005441008018327,35.43969,23.622768,1501
15.857674684994272,41.62347,31.791735,1502
15.750286368843067,42.865807,36.146175,1503
7.910939289805269,43.00138,35.079433,1504
9.414375715922109,43.02609,37.281895,1505
27.920962199312715,39.106323,28.373215,1506
21.692439862542955,31.453995,17.53389,1507
20.9049255441008,20.926289,11.789143,1508
16.967353951890036,10.72773,3.3083835,1509
6.371706758304696,1.7247223,0.48780096,1510
0.429553264604811,0.15376894,0.04467787,1511
0.0,0.082930945,0.17431629,1512
0.0,0.1238795,0.06738674,1513
0.0,0.135813,0.07813437,1514
0.0,0.45673275,0.11785738,1515
0.0,0.10118936,0.07733208,1516
0.0,0.12720792,0.06546505,1517
0.0,0.27622893,0.06980623,1518
0.0,0.039056756,0.10004139,1519
0.0,0.12240427,0.10741128,1520
0.0,0.17654477,0.09105214,1521
0.0,0.16602151,0.24023217,1522
1.9329896907216493,7.140296,2.0245519,1523
27.34822451317297,22.069983,15.416491,1524
51.76116838487973,35.43969,27.942583,1525
62.929553264604806,41.62347,36.198433,1526
62.35681557846506,42.865807,38.657204,1527
59.06357388316151,43.00138,38.978046,1528
34.077892325315005,43.02609,40.198067,1529
16.215635738831615,39.106323,33.266823,1530
10.52405498281787,31.453995,22.938917,1531
2.111970217640321,20.926289,15.319376,1532
0.0,10.72773,5.404719,1533
0.0,1.7247223,0.92017466,1534
0.0,0.15376894,0.10303712,1535
0.0,0.082930945,0.90254474,1536
0.0,0.1238795,0.8070259,1537
0.0,0.135813,0.9130395,1538
0.0,0.45673275,0.92280495,1539
0.0,0.10118936,0.41859952,1540
0.0,0.12720792,0.9875155,1541
0.0,0.27622893,1.0982162,1542
0.0,0.039056756,0.9994035,1543
0.0,0.12240427,0.8894571,1544
0.0,0.17654477,0.74227035,1545
0.3579610538373425,0.16602151,2.2075098,1546
11.812714776632305,7.140296,9.0111685,1547
36.189862542955325,22.069983,26.97016,1548
56.55784650630012,35.43969,39.395603,1549
67.36827033218786,41.62347,47.218086,1550
67.4040664375716,42.865807,45.630997,1551
62.21363115693013,43.00138,46.109585,1552
48.1815578465063,43.02609,46.735306,1553
57.48854524627721,39.106323,46.123203,1554
53.15721649484536,31.453995,37.085953,1555
33.07560137457045,20.926289,27.368242,1556
16.35882016036655,10.72773,14.974769,1557
3.293241695303552,1.7247223,4.114577,1558
0.0,0.15376894,0.9491844,1559
0.0,0.082930945,0.15315777,1560
0.0,0.1238795,0.05455901,1561
0.0,0.135813,0.063101426,1562
0.0,0.45673275,0.09849196,1563
0.0,0.10118936,0.0660489,1564
0.0,0.12720792,0.051149093,1565
0.0,0.27622893,0.054490514,1566
0.0,0.039056756,0.081508085,1567
0.0,0.12240427,0.08971308,1568
0.0,0.17654477,0.076326944,1569
0.0,0.16602151,0.19679517,1570
3.221649484536083,7.140296,1.7593095,1571
34.149484536082475,22.069983,14.63075,1572
60.85337915234823,35.43969,26.979076,1573
67.54725085910653,41.62347,35.284225,1574
67.58304696449026,42.865807,38.078903,1575
67.618843069874,43.00138,38.178555,1576
64.82674684994272,43.02609,39.648003,1577
60.49541809851089,39.106323,32.241535,1578
24.7709049255441,31.453995,21.76354,1579
2.076174112256586,20.926289,14.510706,1580
0.0,10.72773,4.9033566,1581
0.0,1.7247223,0.80195767,1582
0.0,0.15376894,0.08511267,1583
0.0,0.082930945,0.097006984,1584
0.0,0.1238795,0.024294848,1585
0.0,0.135813,0.028376592,1586
0.0,0.45673275,0.050789136,1587
0.0,0.10118936,0.03573597,1588
0.0,0.12720792,0.019262234,1589
0.0,0.27622893,0.020001786,1590
0.0,0.039056756,0.03643272,1591
0.0,0.12240427,0.04728353,1592
0.0,0.17654477,0.039401878,1593
0.143184421534937,0.16602151,0.08964929,1594
6.121134020618557,7.140296,0.99050474,1595
13.316151202749142,22.069983,11.763703,1596
13.316151202749142,35.43969,23.463778,1597
18.04123711340206,41.62347,31.591972,1598
57.774914089347085,42.865807,36.059692,1599
51.40320733104239,43.00138,34.92922,1600
56.1282932416953,43.02609,37.12021,1601
27.45561282932417,39.106323,28.144138,1602
6.22852233676976,31.453995,17.324253,1603
0.6443298969072165,20.926289,11.646003,1604
0.0,10.72773,3.2294805,1605
0.0,1.7247223,0.47730902,1606
0.0,0.15376894,0.043450043,1607
0.0,0.082930945,0.9575322,1608
0.0,0.1238795,0.89492184,1609
0.0,0.135813,1.0037116,1610
0.0,0.45673275,1.0169144,1611
0.0,0.10118936,0.4394387,1612
0.0,0.12720792,1.1017878,1613
0.0,0.27622893,1.2203481,1614
0.0,0.039056756,1.1146946,1615
0.0,0.12240427,0.96505815,1616
0.0,0.17654477,0.80024946,1617
0.6085337915234823,0.16602151,2.4290729,1618
11.20418098510882,7.140296,9.554678,1619
36.189862542955325,22.069983,27.800253,1620
62.2852233676976,35.43969,39.944443,1621
67.58304696449026,41.62347,47.871243,1622
67.58304696449026,42.865807,45.95002,1623
67.54725085910653,43.00138,46.171776,1624
67.58304696449026,43.02609,47.25195,1625
67.54725085910653,39.106323,46.820553,1626
66.83132875143185,31.453995,37.73085,1627
51.76116838487973,20.926289,28.208048,1628
27.598797250859107,10.72773,15.729302,1629
6.049541809851088,1.7247223,4.2757525,1630
0.3579610538373425,0.15376894,1.0463076,1631
0.286368843069874,0.082930945,1.6015586,1632
0.0,0.1238795,1.696595,1633
0.0,0.135813,1.768331,1634
0.0,0.45673275,1.8601695,1635
0.0,0.10118936,0.75153923,1636
0.0,0.12720792,2.1513486,1637
0.0,0.27622893,2.3097818,1638
0.0,0.039056756,2.1495104,1639
0.0,0.12240427,1.7181242,1640
0.9306987399770904,0.17654477,1.420279,1641
6.049541809851088,0.16602151,4.146645,1642
13.13717067583047,7.140296,13.363697,1643
14.354238258877436,22.069983,32.078796,1644
39.94845360824743,35.43969,42.56277,1645
63.68127147766324,41.62347,50.288887,1646
66.2585910652921,42.865807,46.748684,1647
67.2966781214204,43.00138,46.449287,1648
67.43986254295532,43.02609,49.015965,1649
67.33247422680412,39.106323,49.612667,1650
61.46191294387171,31.453995,40.5963,1651
48.43213058419244,20.926289,32.30082,1652
25.630011454753728,10.72773,20.094265,1653
10.774627720504007,1.7247223,5.836387,1654
2.3625429553264605,0.15376894,1.9826455,1655
0.0,0.082930945,0.27669257,1656
0.0,0.1238795,0.13964921,1657
0.0,0.135813,0.16337758,1658
0.0,0.45673275,0.21806704,1659
0.0,0.10118936,0.12985241,1660
0.0,0.12720792,0.14937323,1661
0.0,0.27622893,0.16021028,1662
0.0,0.039056756,0.19893129,1663
0.0,0.12240427,0.20099308,1664
0.0,0.17654477,0.16796604,1665
0.0,0.16602151,0.4711504,1666
3.5796105383734247,7.140296,3.2195408,1667
15.786082474226804,22.069983,18.302204,1668
35.68871706758305,35.43969,31.307045,1669
23.5180412371134,41.62347,39.357334,1670
43.34908361970218,42.865807,40.738182,1671
51.22422680412372,43.00138,41.506203,1672
60.35223367697594,43.02609,42.052414,1673
65.2205040091638,39.106323,36.91192,1674
59.528923253150055,31.453995,27.03402,1675
37.26374570446736,20.926289,18.340282,1676
10.595647193585338,10.72773,7.4108286,1677
0.286368843069874,1.7247223,1.4686029,1678
0.0,0.15376894,0.19961455,1679
0.0,0.082930945,0.20773308,1680
0.0,0.1238795,0.09022837,1681
0.0,0.135813,0.10482934,1682
0.0,0.45673275,0.15074809,1683
0.0,0.10118936,0.095644064,1684
0.0,0.12720792,0.09214727,1685
0.0,0.27622893,0.09853612,1686
0.0,0.039056756,0.13253373,1687
0.0,0.12240427,0.13717055,1688
0.0,0.17654477,0.11596158,1689
0.286368843069874,0.16602151,0.31767556,1690
3.11426116838488,7.140296,2.4652028,1691
6.049541809851088,22.069983,16.59274,1692
14.533218785796109,35.43969,29.31363,1693
40.30641466208477,41.62347,37.521317,1694
44.27978235967928,42.865807,39.477367,1695
45.99799541809851,43.00138,40.097515,1696
46.57073310423826,43.02609,41.013317,1697
23.124284077892327,39.106323,34.79604,1698
12.38545246277205,31.453995,24.655579,1699
12.27806414662085,20.926289,16.531067,1700
4.223940435280642,10.72773,6.1972737,1701
2.147766323024055,1.7247223,1.1115999,1702
0.0357961053837342,0.15376894,0.13366975,1703
0.2147766323024055,0.082930945,1.6839623,1704
0.0,0.1238795,1.7864493,1705
0.0,0.135813,1.8571953,1706
0.0,0.45673275,1.9598672,1707
0.0,0.10118936,0.78998816,1708
0.0,0.12720792,2.257963,1709
0.0,0.27622893,2.4143085,1710
0.0,0.039056756,2.2570512,1711
0.0,0.12240427,1.8122144,1712
0.2505727376861397,0.17654477,1.4987726,1713
4.152348224513172,0.16602151,4.32402,1714
18.68556701030928,7.140296,13.665743,1715
39.411512027491405,22.069983,32.325954,1716
45.92640320733105,35.43969,42.73407,1717
62.24942726231386,41.62347,50.36178,1718
66.9745131729668,42.865807,46.790485,1719
61.64089347079038,43.00138,46.45288,1720
58.24026345933563,43.02609,49.050743,1721
36.86998854524628,39.106323,49.74365,1722
44.27978235967928,31.453995,40.71629,1723
30.64146620847652,20.926289,32.55117,1724
18.86454753722795,10.72773,20.38047,1725
12.9581901489118,1.7247223,6.0187163,1726
2.899484536082474,0.15376894,2.095261,1727
0.0,0.08293091,0.10653859,1728
0.0,0.1238795,0.029371679,1729
0.0,0.135813,0.033997916,1730
0.0,0.45673275,0.05888422,1731
0.0,0.10118936,0.04108266,1732
0.0,0.12720792,0.024428591,1733
0.0,0.27622893,0.025678623,1734
0.0,0.039056756,0.04418569,1735
0.0,0.12240427,0.05406255,1736
0.0,0.17654477,0.045707036,1737
0.0,0.16602151,0.10871146,1738
0.0357961053837342,7.140296,1.1466953,1739
0.4653493699885452,22.069983,12.468566,1740
0.7875143184421535,35.43969,24.275026,1741
3.651202749140894,41.62347,32.56276,1742
3.11426116838488,42.865807,36.509888,1743
4.116552119129438,43.00138,35.729263,1744
1.396048109965636,43.02609,37.875923,1745
0.143184421534937,39.106323,29.238829,1746
0.0357961053837342,31.45399,18.399427,1747
0.0,20.926289,12.32741,1748
0.0,10.72773,3.6124256,1749
0.0,1.7247223,0.53633547,1750
0.0,0.15376888,0.049990114,1751
0.0,0.082930945,0.28407273,1752
0.0,0.12387956,0.14542255,1753
0.0,0.135813,0.17015678,1754
0.0,0.45673275,0.22559059,1755
0.0,0.10118936,0.1333629,1756
0.0,0.12720792,0.1561188,1757
0.0,0.27622893,0.16743243,1758
0.0,0.039056793,0.20640425,1759
0.0,0.12240432,0.20807211,1760
0.0,0.17654483,0.17381276,1761
0.0,0.16602159,0.48891208,1762
2.040378006872852,7.140296,3.3003564,1763
9.843928980526918,22.069983,18.4707,1764
8.662657502863688,35.43969,31.496277,1765
20.367983963344788,41.62347,39.533043,1766
13.280355097365408,42.865807,40.86197,1767
10.631443298969073,43.00138,41.63525,1768
19.902634593356243,43.02609,42.15065,1769
8.519473081328751,39.106323,37.12276,1770
8.734249713631158,31.453995,27.257305,1771
17.468499427262316,20.926289,18.520832,1772
7.803550973654066,10.72773,7.5319195,1773
4.510309278350515,1.7247223,1.5065297,1774
0.0,0.15376894,0.2071009,1775
0.0,0.08293091,0.21344817,1776
0.0,0.1238795,0.09355917,1777
0.0,0.135813,0.108870015,1778
0.0,0.45673275,0.15580678,1779
0.0,0.10118936,0.09784562,1780
0.0,0.12720792,0.09552822,1781
0.0,0.27622893,0.10182017,1782
0.0,0.039056756,0.13679978,1783
0.0,0.12240427,0.14205748,1784
0.0,0.17654477,0.11975573,1785
0.3937571592210767,0.16602151,0.3275265,1786
15.284936998854526,7.140296,2.5111036,1787
30.28350515463918,22.069983,16.707125,1788
10.130297823596791,35.43969,29.477343,1789
16.14404352806415,41.62347,37.640068,1790
11.132588774341352,42.865807,39.604183,1791
10.917812142038946,43.00138,40.188175,1792
10.273482245131731,43.02609,41.047592,1793
7.338201603665522,39.106323,34.93138,1794
3.185853379152348,31.45399,24.799316,1795
0.3579610538373425,20.926289,16.66354,1796
0.0,10.72773,6.258984,1797
0.0,1.7247223,1.1376024,1798
0.0,0.15376888,0.13890536,1799
0.0,0.082930945,1.5681052,1800
0.0,0.1238795,1.6594516,1801
0.0,0.135813,1.732216,1802
0.0,0.45673275,1.818429,1803
0.0,0.10118936,0.73656934,1804
0.0,0.12720792,2.1081102,1805
0.0,0.27622893,2.2679784,1806
0.0,0.039056756,2.1047642,1807
0.0,0.12240427,1.6807469,1808
0.0715922107674685,0.17654477,1.3881873,1809
5.047250859106529,0.16602151,4.070239,1810
18.900343642611684,7.140296,13.234204,1811
38.15864833906071,22.069983,31.964672,1812
57.41695303550974,35.43969,42.4894,1813
67.2966781214204,41.62347,50.2519,1814
67.54725085910653,42.865807,46.728317,1815
67.58304696449026,43.00138,46.454014,1816
67.58304696449026,43.02609,48.99233,1817
67.58304696449026,39.106323,49.54468,1818
64.8983390607102,31.453995,40.54837,1819
48.646907216494846,20.926289,32.184685,1820
27.41981672394044,10.72773,19.96733,1821
8.626861397479955,1.7247223,5.7637043,1822
1.825601374570447,0.15376894,1.9372537,1823
0.0,0.082930945,0.1205325,1824
0.0,0.1238795,0.03614179,1825
0.0,0.135813,0.04182453,1826
0.0,0.45673275,0.06980298,1827
0.0,0.10118936,0.048338898,1828
0.0,0.12720792,0.031236498,1829
0.0,0.27622893,0.033063814,1830
0.0,0.039056756,0.054257914,1831
0.0,0.12240427,0.064045124,1832
0.0,0.17654477,0.054360513,1833
0.0,0.16602151,0.13218682,1834
0.0,7.140296,1.3205991,1835
0.6801260022909508,22.069983,13.130006,1836
2.040378006872852,35.43969,25.13559,1837
2.86368843069874,41.62347,33.437687,1838
3.436426116838488,42.865807,37.002968,1839
3.400630011454754,43.00138,36.53406,1840
3.61540664375716,43.02609,38.45339,1841
2.219358533791524,39.106323,30.181534,1842
0.4653493699885452,31.453995,19.467976,1843
0.0,20.926289,12.994798,1844
0.0,10.72773,3.9975717,1845
0.0,1.7247223,0.61413306,1846
0.0,0.15376894,0.059538435,1847
0.0,0.082930945,0.3694371,1848
0.0,0.1238795,0.2166504,1849
0.0,0.135813,0.25353885,1850
0.0,0.45673275,0.3139457,1851
0.0,0.10118936,0.17414112,1852
0.0,0.12720792,0.24093482,1853
0.0,0.27622893,0.26015848,1854
0.0,0.039056756,0.29739678,1855
0.0,0.12240427,0.2927098,1856
0.0,0.17654477,0.24337927,1857
0.0,0.16602151,0.6985957,1858
0.0,7.140296,4.197005,1859
0.0,22.069983,20.197088,1860
0.0,35.43969,33.329346,1861
0.0357961053837342,41.62347,41.28075,1862
0.715922107674685,42.865807,42.02115,1863
1.3244558991981672,43.00138,42.818542,1864
1.575028636884307,43.02609,43.17426,1865
1.288659793814433,39.106323,39.189667,1866
2.147766323024055,31.453995,29.486721,1867
0.4653493699885452,20.926289,20.343422,1868
0.0,10.72773,8.855491,1869
0.0,1.7247223,1.9263303,1870
0.0,0.15376894,0.2959605,1871
0.0,0.082930945,0.34453833,1872
0.0,0.1238795,0.19406047,1873
0.0,0.135813,0.22717966,1874
0.0,0.45673275,0.28650653,1875
0.0,0.10118936,0.16202334,1876
0.0,0.12720792,0.21337171,1877
0.0,0.27622893,0.2299839,1878
0.0,0.039056756,0.26868135,1879
0.0,0.12240427,0.26695913,1880
0.0,0.17654477,0.2220357,1881
0.3221649484536082,0.16602151,0.63116753,1882
17.75486827033219,7.140296,3.9191551,1883
48.1815578465063,22.069983,19.685135,1884
64.96993127147766,35.43969,32.804043,1885
67.58304696449026,41.62347,40.77132,1886
67.54725085910653,42.865807,41.6918,1887
67.54725085910653,43.00138,42.472656,1888
63.036941580756015,43.02609,42.86413,1889
46.4991408934708,39.106323,38.574608,1890
10.3450744558992,31.453995,28.832674,1891
0.5727376861397481,20.926289,19.803726,1892
0.0,10.72773,8.451695,1893
0.0,1.7247223,1.8004766,1894
0.0,0.15376894,0.26853865,1895
0.0,0.082930945,0.69557077,1896
0.0,0.1238795,0.5536254,1897
0.0,0.135813,0.6358462,1898
0.0,0.45673275,0.6753249,1899
0.0,0.10118936,0.3239167,1900
0.0,0.12720792,0.6593497,1901
0.0,0.27622893,0.7283397,1902
0.0,0.039056756,0.70131004,1903
0.0,0.12240427,0.64696294,1904
0.0,0.17654477,0.538679,1905
0.0,0.16602151,1.5910602,1906
1.43184421534937,7.140296,7.267045,1907
21.262886597938145,22.069983,24.823103,1908
44.81672394043528,35.43969,37.64926,1909
59.81529209621993,41.62347,45.49569,1910
66.79553264604812,42.865807,44.65191,1911
38.15864833906071,43.00138,45.27027,1912
18.184421534937,43.02609,45.685196,1913
24.162371134020617,39.106323,44.161995,1914
41.34450171821306,31.453995,34.86854,1915
3.400630011454754,20.926289,25.169388,1916
0.7875143184421535,10.72773,12.874625,1917
0.0,1.7247223,3.3425734,1918
0.0,0.15376894,0.67726177,1919
0.0,0.082930945,0.14090644,1920
0.0,0.1238795,0.047169924,1921
0.0,0.135813,0.054580647,1922
0.0,0.45673275,0.087181285,1923
0.0,0.10118936,0.05927419,1924
0.0,0.12720792,0.042945318,1925
0.0,0.27622893,0.045683056,1926
0.0,0.039056756,0.07062114,1927
0.0,0.12240427,0.07970648,1928
0.0,0.17654477,0.06775199,1929
1.6108247422680415,0.16602151,0.17069554,1930
11.848510882016038,7.140296,1.5879983,1931
20.869129438717067,22.069983,14.072143,1932
31.28579610538373,35.43969,26.307985,1933
46.28436426116839,41.62347,34.61355,1934
45.81901489117984,42.865807,37.684143,1935
50.83046964490264,43.00138,37.587044,1936
50.29352806414662,43.02609,39.215908,1937
57.30956471935854,39.106323,31.479958,1938
35.25916380297824,31.453995,20.923496,1939
34.86540664375716,20.926289,13.945429,1940
12.027491408934708,10.72773,4.560076,1941
0.8949026345933562,1.7247223,0.7299768,1942
0.0,0.15376894,0.07498922,1943
0.0,0.082930945,0.09731724,1944
0.0,0.1238795,0.023173058,1945
0.0,0.135813,0.027114633,1946
0.0,0.45673275,0.049477488,1947
0.0,0.10118936,0.03522807,1948
0.0,0.12720792,0.017992023,1949
0.0,0.27622893,0.018576607,1950
0.0,0.039056756,0.03472968,1951
0.0,0.12240427,0.046510976,1952
0.0,0.17654477,0.038468998,1953
0.0,0.16602151,0.08469857,1954
0.0715922107674685,7.140296,0.9467764,1955
1.7540091638029782,22.069983,11.552752,1956
3.185853379152348,35.43969,23.154457,1957
3.4722222222222223,41.62347,31.194227,1958
3.4722222222222223,42.865807,35.827972,1959
5.584192439862544,43.00138,34.543625,1960
5.333619702176404,43.02609,36.80938,1961
7.517182130584192,39.106323,27.71376,1962
4.080756013745704,31.453995,16.881895,1963
4.29553264604811,20.926289,11.429581,1964
0.3937571592210767,10.72773,3.1237626,1965
0.0,1.7247223,0.46399784,1966
0.0,0.15376894,0.042598244,1967
0.0715922107674685,0.082930945,1.5411528,1968
0.0,0.1238795,1.6306762,1969
0.0,0.135813,1.7035166,1970
0.0,0.45673275,1.7874327,1971
0.0,0.10118936,0.7235373,1972
0.0,0.12720792,2.0733087,1973
0.0,0.27622893,2.2329674,1974
0.0,0.039056756,2.0705936,1975
0.0,0.12240427,1.6500914,1976
0.429553264604811,0.17654477,1.3627943,1977
5.083046964490263,0.16602151,4.014497,1978
21.513459335624287,7.140296,13.134294,1979
42.81214203894616,22.069983,31.888544,1980
58.3118556701031,35.43969,42.43339,1981
65.72164948453609,41.62347,50.231194,1982
60.60280641466209,42.865807,46.71728,1983
67.33247422680412,43.00138,46.447693,1984
66.18699885452463,43.02609,48.986774,1985
59.45733104238259,39.106323,49.508167,1986
50.04295532646048,31.453995,40.505924,1987
42.59736540664376,20.926289,32.107693,1988
22.30097365406644,10.72773,19.875114,1989
10.882016036655212,1.7247223,5.7009892,1990
3.042668957617411,0.15376894,1.9012358,1991
0.0,0.082930945,1.3899947,1992
0.0,0.1238795,1.4451934,1993
0.0,0.135813,1.5351756,1994
0.0,0.45673275,1.5764527,1995
0.0,0.10118936,0.64388466,1996
0.0,0.12720792,1.8230994,1997
0.0,0.27622893,1.9851615,1998
0.0,0.039056756,1.8159218,1999
0.0,0.12240427,1.4757005,2000
0.0,0.17654477,1.2178394,2001
1.0738831615120277,0.16602151,3.6391366,2002
13.316151202749142,7.140296,12.3498745,2003
36.94158075601375,22.069983,30.996853,2004
56.09249713631157,35.43969,41.942093,2005
67.11769759450172,41.62347,49.86197,2006
64.25400916380298,42.865807,46.659187,2007
61.46191294387171,43.00138,46.480064,2008
41.23711340206186,43.02609,48.649998,2009
28.27892325315005,39.106323,48.989193,2010
18.649770904925543,31.453995,40.02956,2011
7.338201603665522,20.926289,31.339342,2012
9.128006872852234,10.72773,19.000414,2013
8.734249713631158,1.7247223,5.391494,2014
1.002290950744559,0.15376894,1.6810596,2015
0.0,0.08293091,0.098811194,2016
0.0,0.1238795,0.023574125,2017
0.0,0.135813,0.027550256,2018
0.0,0.45673275,0.050259724,2019
0.0,0.10118936,0.035847556,2020
0.0,0.12720792,0.018324371,2021
0.0,0.27622893,0.018930472,2022
0.0,0.039056756,0.035337698,2023
0.0,0.12240427,0.04725604,2024
0.0,0.17654477,0.0391221,2025
0.0,0.16602151,0.0859468,2026
0.0,7.140296,0.9565898,2027
0.0357961053837342,22.069983,11.598418,2028
0.1073883161512027,35.43969,23.194773,2029
0.6801260022909508,41.62347,31.237305,2030
1.6824169530355098,42.865807,35.835033,2031
2.183562428407789,43.00138,34.562717,2032
1.6824169530355098,43.02609,36.845486,2033
1.6824169530355098,39.106323,27.765194,2034
0.5727376861397481,31.45399,16.92468,2035
0.0,20.926289,11.471366,2036
0.0,10.72773,3.1492596,2037
0.0,1.7247223,0.46890205,2038
0.0,0.15376888,0.043268714,2039
0.0,0.082930945,0.39470297,2040
0.0,0.1238795,0.23540021,2041
0.0,0.135813,0.27542174,2042
0.0,0.45673275,0.3352435,2043
0.0,0.10118936,0.18443772,2044
0.0,0.12720792,0.26112387,2045
0.0,0.27622893,0.28278464,2046
0.0,0.039056756,0.31928563,2047
0.0,0.12240427,0.31619728,2048
0.0,0.17654477,0.26229423,2049
0.0357961053837342,0.16602151,0.74279654,2050
3.436426116838488,7.140296,4.3650684,2051
33.93470790378007,22.069983,20.470842,2052
57.41695303550974,35.43969,33.643784,2053
66.9745131729668,41.62347,41.553734,2054
67.58304696449026,42.865807,42.231148,2055
67.58304696449026,43.00138,42.959316,2056
67.58304696449026,43.02609,43.291958,2057
67.58304696449026,39.106323,39.480915,2058
66.79553264604812,31.453995,29.82287,2059
51.76116838487973,20.926289,20.641466,2060
25.09306987399771,10.72773,9.068576,2061
5.942153493699886,1.7247223,2.025522,2062
0.143184421534937,0.15376894,0.3194906,2063
0.0,0.082930945,0.99096364,2064
0.0,0.1238795,0.93459433,2065
0.0,0.135813,1.0459063,2066
0.0,0.45673275,1.0513717,2067
0.0,0.10118936,0.45509952,2068
0.0,0.12720792,1.1537234,2069
0.0,0.27622893,1.2794669,2070
0.0,0.039056756,1.1582236,2071
0.0,0.12240427,1.0020952,2072
0.0,0.17654477,0.83319,2073
0.6443298969072165,0.16602151,2.5169463,2074
14.282646048109966,7.140296,9.787983,2075
41.30870561282933,22.069983,28.015474,2076
63.144329896907216,35.43969,40.12472,2077
67.26088201603666,41.62347,48.02646,2078
67.58304696449026,42.865807,46.04347,2079
67.58304696449026,43.00138,46.289124,2080
67.54725085910653,43.02609,47.3143,2081
67.58304696449026,39.106323,47.000927,2082
64.61197021764032,31.453995,37.965714,2083
45.103092783505154,20.926289,28.427708,2084
21.11970217640321,10.72773,15.9647255,2085
7.195017182130585,1.7247223,4.3917475,2086
0.4653493699885452,0.15376894,1.0873766,2087
0.0,0.082930945,0.39833543,2088
0.0,0.1238795,0.23936525,2089
0.0,0.135813,0.2798841,2090
0.0,0.45673275,0.34006467,2091
0.0,0.10118936,0.18623246,2092
0.0,0.12720792,0.2662329,2093
0.0,0.27622893,0.288237,2094
0.0,0.039056756,0.32444012,2095
0.0,0.12240427,0.3202619,2096
0.0,0.17654477,0.26573694,2097
0.0,0.16602151,0.7554677,2098
0.7517182130584192,7.140296,4.416299,2099
8.054123711340207,22.069983,20.570574,2100
10.380870561282933,35.43969,33.73366,2101
27.706185567010312,41.62347,41.64837,2102
39.87686139747996,42.865807,42.287617,2103
54.80383734249714,43.00138,43.016975,2104
58.92038946162658,43.02609,43.35535,2105
31.1426116838488,39.106323,39.59922,2106
2.899484536082474,31.453995,29.936357,2107
0.3221649484536082,20.926289,20.743687,2108
0.0,10.72773,9.14432,2109
0.0,1.7247223,2.0448034,2110
0.0,0.15376894,0.32415715,2111
0.0,0.082930945,1.1045345,2112
0.0,0.1238795,1.1072077,2113
0.0,0.135813,1.2174718,2114
0.0,0.45673275,1.227612,2115
0.0,0.10118936,0.4984329,2116
0.0,0.12720792,1.374565,2117
0.0,0.27622893,1.5141512,2118
0.0,0.039056756,1.3810586,2119
0.0,0.12240427,1.153575,2120
0.0,0.17654477,0.94791156,2121
3.830183276059565,0.16602151,2.927873,2122
7.66036655211913,7.140296,10.728405,2123
27.992554410080185,22.069983,29.308182,2124
38.51660939289805,35.43969,40.9477,2125
35.68871706758305,41.62347,49.019794,2126
42.56156930126002,42.865807,46.49479,2127
49.47021764032073,43.00138,46.35151,2128
45.74742268041238,43.02609,48.050137,2129
53.5151775486827,39.106323,47.980877,2130
27.95675830469645,31.453995,38.918003,2131
2.505727376861397,20.926289,29.769459,2132
2.3267468499427264,10.72773,17.210371,2133
14.497422680412372,1.7247223,4.6943197,2134
0.9306987399770904,0.15376894,1.2853718,2135
0.0,0.082930945,0.0948568,2136
0.0,0.1238795,0.022868648,2137
0.0,0.135813,0.026797114,2138
0.0,0.45673275,0.048640843,2139
0.0,0.10118936,0.034398522,2140
0.0,0.12720792,0.017836176,2141
0.0,0.27622893,0.018427271,2142
0.0,0.039056756,0.034274753,2143
0.0,0.12240427,0.045567825,2144
0.0,0.17654477,0.037713062,2145
1.3244558991981672,0.16602151,0.08417307,2146
6.156930126002291,7.140296,0.94397676,2147
10.738831615120276,22.069983,11.543863,2148
19.18671248568156,35.43969,23.184616,2149
28.350515463917525,41.62347,31.245148,2150
29.853951890034363,42.865807,35.88778,2151
35.294959908361974,43.00138,34.628994,2152
62.6073883161512,43.02609,36.84558,2153
61.28293241695304,39.106323,27.760273,2154
51.51059564719359,31.453995,16.946482,2155
34.042096219931274,20.926289,11.428225,2156
11.633734249713632,10.72773,3.1145823,2157
4.259736540664376,1.7247223,0.46007544,2158
0.6085337915234823,0.15376894,0.041797623,2159
0.418539078332893,0.08293091,0.119093165,2160
0.279026052221929,0.1238795,0.036094964,2161
0.1395130261109649,0.135813,0.04155892,2162
0.0,0.45673275,0.06950675,2163
0.0,0.10118936,0.048035994,2164
0.0,0.12720792,0.031448115,2165
0.0,0.27622893,0.033355244,2166
0.0,0.039056756,0.054349273,2167
0.0,0.12240427,0.063228,2168
0.0,0.17654477,0.053983223,2169
1.288659793814433,0.16602151,0.1333071,2170
4.5461053837342495,7.140296,1.3340962,2171
8.018327605956472,22.069983,13.214204,2172
14.354238258877436,35.43969,25.163975,2173
13.924684994272624,41.62347,33.541862,2174
14.103665521191294,42.865807,37.007446,2175
15.5713058419244,43.00138,36.57975,2176
19.6520618556701,43.02609,38.581745,2177
16.43041237113402,39.106323,30.336926,2178
20.869129438717067,31.45399,19.55152,2179
15.750286368843067,20.926289,13.061386,2180
8.233104238258877,10.72773,4.040617,2181
2.541523482245132,1.7247223,0.6113034,2182
0.2147766323024055,0.15376888,0.058903556,2183
0.0,0.08293091,0.096900985,2184
0.0,0.1238795,0.024239294,2185
0.0,0.135813,0.028312735,2186
0.0,0.45673275,0.050700862,2187
0.0,0.10118936,0.035678454,2188
0.0,0.12720792,0.019208113,2189
0.0,0.27622893,0.019941762,2190
0.0,0.039056756,0.036349073,2191
0.0,0.12240427,0.04720674,2192
0.0,0.17654477,0.039331995,2193
0.143184421534937,0.16602151,0.089448474,2194
5.584192439862544,7.140296,0.9888419,2195
7.696162657502864,22.069983,11.75614,2196
15.5713058419244,35.43969,23.454008,2197
23.4106529209622,41.62347,31.580532,2198
27.240836197021768,42.865807,36.053795,2199
47.75200458190149,43.00138,34.919365,2200
44.20819014891181,43.02609,37.111443,2201
15.070160366552118,39.106323,28.131754,2202
12.45704467353952,31.45399,17.311382,2203
15.249140893470791,20.926289,11.638523,2204
12.636025200458189,10.72773,3.2253828,2205
4.510309278350515,1.7247223,0.47662863,2206
0.0357961053837342,0.15376888,0.04337836,2207
0.0,0.082930945,0.09499518,2208
0.0,0.1238795,0.022887714,2209
0.0,0.135813,0.026817098,2210
0.0,0.45673275,0.04869168,2211
0.0,0.10118936,0.034444593,2212
0.0,0.12720792,0.017847352,2213
0.0,0.27622893,0.018437624,2214
0.0,0.039056756,0.03430325,2215
0.0,0.12240427,0.045624197,2216
0.0,0.17654477,0.037756685,2217
0.0,0.16602151,0.0842139,2218
0.5369415807560137,7.140296,0.9442282,2219
3.042668957617411,22.069983,11.545104,2220
12.9581901489118,35.43969,23.183638,2221
19.150916380297826,41.62347,31.24316,2222
15.034364261168385,42.865807,35.885124,2223
16.75257731958763,43.00138,34.62465,2224
33.36197021764033,43.02609,36.843967,2225
25.41523482245132,39.106323,27.758492,2226
26.27434135166094,31.453995,16.94348,2227
3.9375715922107672,20.926289,11.429057,2228
0.0357961053837342,10.72773,3.1153653,2229
0.0,1.7247223,0.46031204,2230
0.0,0.15376894,0.04184796,2231
0.0,0.082930945,0.09533759,2232
0.0,0.1238795,0.02300213,2233
0.0,0.135813,0.02694627,2234
0.0,0.45673275,0.04891484,2235
0.0,0.10118936,0.034598913,2236
0.0,0.12720792,0.017957352,2237
0.0,0.27622893,0.018554904,2238
0.0,0.039056756,0.034483165,2239
0.0,0.12240427,0.045827117,2240
0.0,0.17654477,0.037921406,2241
0.0,0.16602151,0.08462347,2242
1.43184421534937,7.140296,0.9477312,2243
7.9467353951890045,22.069983,11.564525,2244
38.83877434135166,35.43969,23.200903,2245
51.65378006872853,41.62347,31.263676,2246
12.45704467353952,42.865807,35.892944,2247
9.306987399770906,43.00138,34.6363,2248
8.531405116456664,43.02609,36.860523,2249
7.755822833142421,39.106323,27.78207,2250
6.98024054982818,31.453995,16.963627,2251
6.2046582665139365,20.926289,11.446364,2252
5.429075983199695,10.72773,3.125206,2253
4.653493699885453,1.7247223,0.4616491,2254
3.8779114165712105,0.15376894,0.042041246,2255
0.0,0.082930945,0.3109827,2256
0.0,0.1238795,0.1780048,2257
0.0,0.135813,0.20634101,2258
0.0,0.45673275,0.26862985,2259
0.0,0.10118936,0.15252206,2260
0.0,0.12720792,0.20321791,2261
0.0,0.27622893,0.21820965,2262
0.0,0.039056756,0.25432184,2263
0.0,0.12240427,0.24027124,2264
0.0,0.17654477,0.20207557,2265
0.0,0.16602151,0.6145389,2266
0.429553264604811,7.140296,3.9048939,2267
2.6489117983963344,22.069983,19.812853,2268
5.798969072164948,35.43969,32.65991,2269
10.416666666666668,41.62347,40.822456,2270
12.922394043528064,42.865807,41.484337,2271
15.284936998854526,43.00138,42.55752,2272
10.846219931271476,43.02609,43.116543,2273
12.600229095074456,39.106323,38.756317,2274
14.06786941580756,31.453995,28.910828,2275
8.483676975945018,20.926289,19.840693,2276
3.221649484536083,10.72773,8.56062,2277
0.8949026345933562,1.7247223,1.6974779,2278
0.0,0.15376894,0.24505904,2279
0.0,0.082930945,0.8883426,2280
0.0,0.1238795,0.8095966,2281
0.0,0.135813,0.9122706,2282
0.0,0.45673275,0.9379019,2283
0.0,0.10118936,0.4083004,2284
0.0,0.12720792,0.9915135,2285
0.0,0.27622893,1.0965554,2286
0.0,0.039056756,1.0169547,2287
0.0,0.12240427,0.8846389,2288
0.0,0.17654477,0.732169,2289
2.040378006872852,0.16602151,2.2368426,2290
17.325315005727376,7.140296,9.0503235,2291
36.368843069874,22.069983,27.260622,2292
57.34536082474227,35.43969,39.502438,2293
55.01861397479955,41.62347,47.468754,2294
53.5151775486827,42.865807,45.710728,2295
46.606529209622,43.00138,45.952248,2296
32.86082474226804,43.02609,47.04434,2297
17.18213058419244,39.106323,46.370346,2298
12.170675830469644,31.453995,37.181473,2299
5.011454753722795,20.926289,27.658442,2300
2.9352806414662083,10.72773,15.1777935,2301
1.3244558991981672,1.7247223,4.0389376,2302
0.0357961053837342,0.15376894,0.95551693,2303
0.0,0.082930945,0.10486121,2304
0.0,0.1238795,0.028326154,2305
0.0,0.135813,0.03287657,2306
0.0,0.45673275,0.05722675,2307
0.0,0.10118936,0.040049996,2308
0.0,0.12720792,0.023294454,2309
0.0,0.27622893,0.024430942,2310
0.0,0.039056756,0.042548385,2311
0.0,0.12240427,0.05278783,2312
0.0,0.17654477,0.0444897,2313
0.0,0.16602151,0.104526035,2314
2.505727376861397,7.140296,1.1120864,2315
7.445589919816724,22.069983,12.306007,2316
13.065578465063002,35.43969,24.109156,2317
14.747995418098512,41.62347,32.350925,2318
24.949885452462773,42.865807,36.419548,2319
19.86683848797251,43.00138,35.570797,2320
13.423539518900345,43.02609,37.70165,2321
14.712199312714777,39.106323,28.990063,2322
14.926975945017182,31.453995,18.173872,2323
9.199599083619702,20.926289,12.174571,2324
1.718213058419244,10.72773,3.5255735,2325
0.0,1.7247223,0.5251331,2326
0.0,0.15376894,0.048700802,2327
0.0,0.082930945,1.2616351,2328
0.0,0.1238795,1.2948464,2329
0.0,0.135813,1.3969483,2330
0.0,0.45673275,1.4123051,2331
0.0,0.10118936,0.5756108,2332
0.0,0.12720792,1.6203883,2333
0.0,0.27622893,1.7782214,2334
0.0,0.039056756,1.615382,2335
0.0,0.12240427,1.3320754,2336
0.1789805269186712,0.17654477,1.0966495,2337
5.262027491408935,0.16602151,3.3330216,2338
18.220217640320733,7.140296,11.665574,2339
39.66208476517755,22.069983,30.249544,2340
57.38115693012601,35.43969,41.522835,2341
67.36827033218786,41.62347,49.55636,2342
63.93184421534938,42.865807,46.63093,2343
48.96907216494846,43.00138,46.472794,2344
62.1778350515464,43.02609,48.38976,2345
50.83046964490264,39.106323,48.559788,2346
34.36426116838488,31.453995,39.600266,2347
25.52262313860252,20.926289,30.697342,2348
13.996277205040093,10.72773,18.250755,2349
4.617697594501719,1.7247223,5.104361,2350
0.715922107674685,0.15376894,1.5048516,2351
0.0,0.082930945,1.0822246,2352
0.0,0.1238795,1.0703963,2353
0.0,0.135813,1.1795266,2354
0.0,0.45673275,1.1861764,2355
0.0,0.10118936,0.49094456,2356
0.0,0.12720792,1.3291323,2357
0.0,0.27622893,1.4674559,2358
0.0,0.039056756,1.3308088,2359
0.0,0.12240427,1.1187553,2360
0.0,0.17654477,0.9255735,2361
0.0,0.16602151,2.8423216,2362
5.72737686139748,7.140296,10.558103,2363
14.533218785796109,22.069983,29.039925,2364
27.240836197021768,35.43969,40.772064,2365
62.0704467353952,41.62347,48.812546,2366
67.58304696449026,42.865807,46.39553,2367
67.618843069874,43.00138,46.38036,2368
67.54725085910653,43.02609,47.881123,2369
67.58304696449026,39.106323,47.794643,2370
63.96764032073311,31.453995,38.73596,2371
47.93098510882016,20.926289,29.48327,2372
18.43499427262314,10.72773,16.958828,2373
3.9375715922107672,1.7247223,4.6420403,2374
0.0,0.15376894,1.2385784,2375
0.0,0.082930945,0.4909835,2376
0.0,0.1238795,0.3262265,2377
0.0,0.135813,0.37961197,2378
0.0,0.45673275,0.43752605,2379
0.0,0.10118936,0.22891599,2380
0.0,0.12720792,0.37134805,2381
0.0,0.27622893,0.40500006,2382
0.0,0.039056756,0.42989472,2383
0.0,0.12240427,0.41668516,2384
0.0,0.17654477,0.34562698,2385
1.7898052691867123,0.16602151,0.9908027,2386
17.826460481099655,7.140296,5.2985168,2387
44.70933562428408,22.069983,22.014496,2388
65.25630011454754,35.43969,35.148243,2389
59.7794959908362,41.62347,43.012512,2390
51.29581901489119,42.865807,43.160362,2391
58.20446735395189,43.00138,43.857296,2392
51.79696449026346,43.02609,44.150833,2393
42.7405498281787,39.106323,41.212227,2394
44.38717067583048,31.453995,31.680267,2395
39.48310423825888,20.926289,22.25494,2396
21.04810996563574,10.72773,10.337893,2397
7.230813287514319,1.7247223,2.4612978,2398
0.6085337915234823,0.15376894,0.42627397,2399
